,numerical_label,set,text_label,image_index,airplane,automobile,bird,cat,deer,dog,frog,horse,ship,truck,text_label_pred,text_label_gt_class_prob,to_label
27,5,val,dog,27,0.00031152,0.000244303,0.7796669,0.001658286,0.0002229,0.20922086,0.00768956,0.000493834,0.000125469,0.000366274,bird,0.20922086,Yes
189,0,val,airplane,189,0.064187765,0.000289694,0.000381197,0.000324421,4.85E-05,0.000277673,7.41E-05,0.000101363,0.00256789,0.93174744,truck,0.064187765,Yes
283,2,val,bird,283,0.002572464,0.03223748,0.03609254,0.014961682,0.000740021,0.001516009,0.8862049,0.003965996,0.016810233,0.004898678,frog,0.03609254,Yes
298,6,val,frog,298,0.000977869,0.000241505,0.9761446,0.005627917,0.001020413,0.000759095,0.012787116,0.001816789,0.000441149,0.000183447,bird,0.012787116,Yes
357,9,val,truck,357,0.000830032,0.6295379,0.000643748,0.000310936,0.000239235,0.000287841,0.000547103,0.000438124,0.000857854,0.36630732,automobile,0.36630732,Yes
459,8,val,ship,459,0.9285046,0.00078034,0.000310601,0.000116752,0.000318108,8.60E-05,0.000158111,0.000159776,0.06845553,0.001110183,airplane,0.06845553,Yes
548,3,val,cat,548,0.001388976,0.004044634,0.000136091,0.16739945,0.001474083,0.8231832,0.001721764,0.000285195,0.000119215,0.000247412,dog,0.16739945,Yes
602,8,val,ship,602,0.05844474,0.01581816,0.003773943,0.518826,0.055622503,0.001887163,0.12256917,0.026516316,0.18268946,0.01385254,cat,0.18268946,Yes
729,5,val,dog,729,6.81E-05,0.000188597,0.000104309,8.42E-05,0.001162223,0.13417695,0.00012371,0.8638675,0.0001685,5.57E-05,horse,0.13417695,Yes
755,6,val,frog,755,0.000245227,0.000201399,0.00129706,0.00240748,0.0012097,0.98931354,0.004814154,0.000167044,0.00013619,0.000208151,dog,0.004814154,Yes
762,5,val,dog,762,0.60007685,0.001843542,0.015007519,0.14232405,0.008085512,0.20974645,0.008012718,0.001693408,0.008871377,0.004338599,airplane,0.20974645,Yes
843,0,val,airplane,843,0.19494489,0.5492188,0.07822254,0.002112371,0.002228182,0.002206533,0.01566292,0.006236024,0.052459165,0.09670858,automobile,0.19494489,Yes
869,3,val,cat,869,6.89E-05,7.50E-05,4.37E-05,0.41927633,0.000407634,0.57058376,0.000418737,0.008960057,4.87E-05,0.000117168,dog,0.41927633,Yes
887,4,val,deer,887,0.007553302,0.000492736,0.6970311,0.002892357,0.28683844,0.001730312,0.001853488,0.00031612,0.000820554,0.000471639,bird,0.28683844,Yes
927,0,val,airplane,927,0.3052293,0.000916518,0.008021216,0.000616416,0.000330121,0.000507141,0.68204564,0.000922682,0.000420074,0.000990908,frog,0.3052293,Yes
1204,5,val,dog,1204,9.43E-05,0.00010712,0.06549737,0.9285558,0.000243126,0.00056979,0.004040885,0.00072901,6.64E-05,9.63E-05,cat,0.00056979,Yes
1289,8,val,ship,1289,0.633657,0.00039342,0.000330132,0.00033536,0.000715079,0.000659037,0.000258011,0.000914372,0.021527579,0.34121004,airplane,0.021527579,Yes
1359,2,val,bird,1359,0.000356674,0.001608024,0.17232226,0.7853213,0.00124727,0.031289563,0.005088857,0.001791039,0.000283283,0.000691713,cat,0.17232226,Yes
1402,6,val,frog,1402,0.014439174,0.001877287,0.067588925,0.021907454,0.70392716,0.017902093,0.16637225,0.001149256,0.001663258,0.003173043,deer,0.16637225,Yes
1427,3,val,cat,1427,0.000393455,0.001195165,0.001296909,0.23995866,0.000525733,0.47430557,0.28086978,0.000244289,0.001020316,0.000190166,dog,0.23995866,Yes
1533,2,val,bird,1533,0.8750013,0.000260549,0.12286168,0.000174678,0.000771526,7.38E-05,0.000359296,0.000157037,0.000180528,0.000159466,airplane,0.12286168,Yes
1555,3,val,cat,1555,0.000135487,0.000172197,0.001699947,0.25048062,0.000201538,0.000394597,0.7465038,0.000237066,5.95E-05,0.000115162,frog,0.25048062,Yes
1568,3,val,cat,1568,0.000260937,0.000402966,0.000986266,0.008048126,0.000610509,0.97913706,0.001180447,0.000503521,0.005899405,0.002970737,dog,0.008048126,Yes
1618,5,val,dog,1618,0.000270068,0.000307731,0.000206484,0.003355439,0.6355432,0.35833737,0.000206928,0.001339946,0.000198047,0.000234732,deer,0.35833737,Yes
1846,3,val,cat,1846,6.21E-05,0.000123959,0.9391234,0.05617584,0.000606633,0.003108807,0.000121526,6.16E-05,3.62E-05,0.000579899,bird,0.05617584,Yes
1976,5,val,dog,1976,0.009072842,0.00350206,0.00874863,0.009725314,0.007826191,0.33830082,0.004845027,0.003621114,0.6029757,0.011382313,ship,0.33830082,Yes
2132,3,val,cat,2132,0.000230822,0.000114037,0.000423228,0.033021446,0.00206225,0.9633261,0.00024311,0.000302433,0.000104968,0.000171641,dog,0.033021446,Yes
2168,3,val,cat,2168,0.5664573,0.001570525,0.20313206,0.13032156,0.001846847,0.08964635,0.002146247,0.001617848,0.001530257,0.001731082,airplane,0.13032156,Yes
2233,0,val,airplane,2233,0.001258269,0.000140778,0.98826563,0.006059419,0.000840684,8.47E-05,0.000259387,0.000380949,0.002627574,8.26E-05,bird,0.001258269,Yes
2262,0,val,airplane,2262,0.17827682,0.000184712,0.8176263,0.000498782,0.000509703,0.000125096,0.001760279,0.000152548,0.000568434,0.000297255,bird,0.17827682,Yes
2324,3,val,cat,2324,0.000204241,0.000217134,0.031491738,0.4330572,0.5302622,0.002827191,0.00132542,0.000351926,0.000125032,0.000137857,deer,0.4330572,Yes
2416,5,val,dog,2416,0.000546947,0.000248619,0.000962994,0.077733465,0.67791605,0.24150527,0.000237564,0.000520782,0.000163647,0.000164577,deer,0.24150527,Yes
2521,3,val,cat,2521,0.44948736,0.001585502,0.27157152,0.13104194,0.013336273,0.11890115,0.000920746,0.006411764,0.004139322,0.00260437,airplane,0.13104194,Yes
2554,7,val,horse,2554,0.004227245,0.001858102,0.84025925,0.011695407,0.06525669,0.002414062,0.005461984,0.06781775,0.0004767,0.000532832,bird,0.06781775,Yes
2704,2,val,bird,2704,0.000364978,0.00049213,0.31629592,0.6211769,0.001554851,0.031060897,0.026560787,0.001456772,0.000654253,0.000382446,cat,0.31629592,Yes
2789,2,val,bird,2789,0.9320828,0.000837892,0.059489116,0.00078563,0.000964902,0.000359816,0.002997444,0.000433213,0.001335872,0.000713231,airplane,0.059489116,Yes
2980,7,val,horse,2980,0.07634998,0.000982648,0.000267118,0.000764785,0.008185742,0.000585354,0.000403589,0.004925515,0.9066717,0.000863638,ship,0.004925515,Yes
3002,5,val,dog,3002,0.002999263,0.003480218,0.026770353,0.16525659,0.4516525,0.02944591,0.29692516,0.010966845,0.006143112,0.006360021,deer,0.02944591,Yes
3448,5,val,dog,3448,0.000147536,7.17E-05,0.000218174,0.9903088,0.003202662,0.005652455,0.000222653,7.23E-05,3.15E-05,7.22E-05,cat,0.005652455,Yes
3600,9,val,truck,3600,9.44E-05,0.88021237,4.06E-05,7.91E-05,4.14E-05,5.79E-05,0.000167273,6.34E-05,0.000183568,0.119059965,automobile,0.119059965,Yes
3610,2,val,bird,3610,0.001196105,0.000163644,0.027553093,0.93248767,0.004668233,0.004594899,0.028589986,0.000162083,0.000421343,0.000162853,cat,0.027553093,Yes
3828,5,val,dog,3828,0.000254182,0.000240227,6.35E-05,0.5660812,0.011030234,0.421483,0.000119461,0.000510061,7.13E-05,0.00014675,cat,0.421483,Yes
3829,8,val,ship,3829,0.9881727,4.66E-05,4.05E-05,2.64E-05,5.00E-05,1.68E-05,3.95E-05,2.59E-05,0.011530877,5.06E-05,airplane,0.011530877,Yes
3868,4,val,deer,3868,0.01711363,0.002042792,0.003088571,0.007460591,0.072759576,0.25831354,0.006142372,0.62318873,0.007492035,0.002398163,horse,0.072759576,Yes
3883,8,val,ship,3883,0.5184002,0.010354174,0.023161395,0.007167579,0.000881142,0.00356589,0.13661046,0.000977319,0.2984332,0.000448639,airplane,0.2984332,Yes
3968,5,val,dog,3968,0.00101903,0.000397199,0.5494194,0.00174844,0.000646056,0.3859673,0.059568968,0.000519802,0.000302579,0.000411138,bird,0.3859673,Yes
4008,2,val,bird,4008,0.15755595,0.02269789,0.06967589,0.23942226,0.006160634,0.022946013,0.055077776,0.04889329,0.019803459,0.35776684,truck,0.06967589,Yes
4058,4,val,deer,4058,0.000103414,0.000212604,0.000878997,0.000478912,0.36133423,0.001274691,0.000141726,0.6332896,0.002066606,0.000219135,horse,0.36133423,Yes
4139,3,val,cat,4139,0.000783134,0.004842477,0.6534325,0.014498235,0.032474615,0.008425491,0.27707884,0.001176492,0.001319111,0.00596916,bird,0.014498235,Yes
4157,7,val,horse,4157,0.001313781,0.00080229,0.082549594,0.13130245,0.001531921,0.74381506,0.031021243,0.003889841,0.001404011,0.002369885,dog,0.003889841,Yes
4203,5,val,dog,4203,0.000462847,0.000119437,0.000179153,0.8297547,0.000319885,0.16844538,0.000167541,0.000166903,0.000266947,0.000117239,cat,0.16844538,Yes
4231,4,val,deer,4231,0.029273313,0.00621314,0.023309536,0.00775979,0.3541514,0.007304921,0.001674761,0.55146015,0.012021521,0.00683144,horse,0.3541514,Yes
4443,1,val,automobile,4443,0.001296141,0.0806363,0.000234607,0.000585194,0.00067322,0.000329103,0.00066837,0.001322996,0.001218673,0.9130352,truck,0.0806363,Yes
4446,8,val,ship,4446,0.000455229,0.00160367,0.003023308,0.000901864,0.8914789,0.033338256,0.000332837,0.006424912,0.060241647,0.002199405,deer,0.060241647,Yes
4481,3,val,cat,4481,1.09E-05,1.05E-05,8.36E-05,6.89E-05,4.21E-05,2.45E-05,0.99969244,1.86E-05,2.64E-05,2.21E-05,frog,6.89E-05,Yes
4489,9,val,truck,4489,0.20393546,0.000750853,0.7062423,0.000660179,0.004058911,0.000217616,0.000819043,0.001042754,0.000973104,0.081299715,bird,0.081299715,Yes
4515,3,val,cat,4515,0.033802353,0.003066699,0.15461598,0.14230603,0.06667617,0.004061268,0.5675662,0.004019724,0.020982089,0.002903498,frog,0.14230603,Yes
4558,3,val,cat,4558,0.001057986,0.011906245,0.97041196,0.00292964,0.003053653,0.000994773,0.001310955,0.004305152,0.002899105,0.001130481,bird,0.00292964,Yes
4776,2,val,bird,4776,0.013424885,0.012595167,0.102662645,0.40789437,0.06202693,0.25866008,0.014305875,0.0793093,0.001909918,0.047210827,cat,0.102662645,Yes
4997,5,val,dog,4997,0.005026562,0.001095293,0.001344308,0.3631956,0.002227901,0.09165081,0.53375506,0.000657945,0.000469913,0.000576617,frog,0.09165081,Yes
5218,3,val,cat,5218,0.001188771,0.46228087,0.28664568,0.00572941,0.12532704,0.09534984,0.006706556,0.010176349,0.001614354,0.004981114,automobile,0.00572941,Yes
5260,3,val,cat,5260,0.000269469,6.26E-05,3.85E-05,0.058085937,0.000148224,0.9401916,8.93E-05,0.000887729,5.12E-05,0.000175335,dog,0.058085937,Yes
5323,0,val,airplane,5323,0.24018405,0.027031226,0.36951563,0.055511445,0.01909431,0.003657366,0.01768077,0.035463966,0.20033789,0.031523384,bird,0.24018405,Yes
5411,5,val,dog,5411,3.85E-05,1.19E-05,0.000243588,6.54E-05,1.59E-05,0.000496834,0.9990902,4.04E-06,6.53E-06,2.71E-05,frog,0.000496834,Yes
5592,3,val,cat,5592,0.001422826,0.002818379,0.003863483,0.079047695,0.004328485,0.44415873,0.004656772,0.45510998,0.002805837,0.001787754,horse,0.079047695,Yes
5603,2,val,bird,5603,0.00018061,4.55E-05,0.002766949,0.000291344,0.99529403,0.000213495,5.65E-05,0.001047064,4.63E-05,5.82E-05,deer,0.002766949,Yes
5619,4,val,deer,5619,0.00593958,0.002127086,0.009832691,0.002658257,0.4817302,0.00146473,0.001379663,0.003408458,0.4878265,0.003632936,ship,0.4817302,Yes
5636,6,val,frog,5636,0.003564875,3.34E-05,0.99368,0.000327643,0.002035004,4.80E-05,0.000130647,7.31E-05,7.21E-05,3.53E-05,bird,0.000130647,Yes
5751,5,val,dog,5751,0.000158723,0.006288435,9.32E-05,0.9705579,6.80E-05,0.021619154,0.000302872,0.000197874,0.000454277,0.000259591,cat,0.021619154,Yes
5773,2,val,bird,5773,0.9640796,0.00093009,0.022531023,0.000385037,0.007718725,0.000532854,0.00030034,0.001027188,0.00096631,0.00152885,airplane,0.022531023,Yes
5853,5,val,dog,5853,0.001398526,0.001319501,0.000425583,0.40845442,0.16748638,0.19836006,0.000554672,0.22121711,0.000318337,0.000465402,cat,0.19836006,Yes
5979,2,val,bird,5979,0.6408314,0.000263178,0.35672453,0.000268212,0.000265369,0.000247662,0.000291807,0.000404333,0.00047478,0.000228762,airplane,0.35672453,Yes
6290,6,val,frog,6290,0.014774818,0.000407708,0.96737146,0.005284775,0.000202983,0.006216636,0.005150625,0.00032241,0.000154742,0.000113776,bird,0.005150625,Yes
6335,7,val,horse,6335,0.01025258,0.007470258,0.0845989,0.13710406,0.016835425,0.5217971,0.05686075,0.09368899,0.006055209,0.06533672,dog,0.09368899,Yes
6493,3,val,cat,6493,0.000278169,0.00083794,0.000598588,0.058371093,0.000662682,0.00028427,0.9375566,0.000169674,0.000614422,0.000626402,frog,0.058371093,Yes
6694,5,val,dog,6694,0.000357237,0.000129541,0.000371819,0.016160112,0.84641284,0.1358796,0.000183551,0.000376818,6.14E-05,6.71E-05,deer,0.1358796,Yes
6716,3,val,cat,6716,0.000552606,0.000141218,0.007535133,0.28282616,0.00020864,0.70831233,0.000200976,0.000109339,3.15E-05,8.21E-05,dog,0.28282616,Yes
6732,3,val,cat,6732,0.69926727,0.002687173,0.10145651,0.12984988,0.006410356,0.017049868,0.005719414,0.016452331,0.018772243,0.002334966,airplane,0.12984988,Yes
6852,4,val,deer,6852,0.000120586,0.000224958,0.001028455,8.64E-05,0.08951046,0.000532425,0.90813243,9.77E-05,0.000126858,0.000139767,frog,0.08951046,Yes
6961,3,val,cat,6961,0.000141451,0.000280747,0.00021604,0.099661745,0.000390075,0.89644396,0.000986832,0.001669498,8.96E-05,0.000120144,dog,0.099661745,Yes
7022,8,val,ship,7022,0.38792586,0.30067086,0.00073365,0.001607633,0.00081827,0.000420198,0.005462709,0.00090252,0.29294688,0.008511489,airplane,0.29294688,Yes
7083,8,val,ship,7083,8.67E-05,0.9746577,0.000124486,0.000158576,5.34E-05,6.29E-05,0.000288111,0.000174557,0.008839306,0.015554367,automobile,0.008839306,Yes
7220,3,val,cat,7220,0.001870878,0.002873196,0.13439934,0.007881775,0.07537859,0.001338313,0.768732,0.001183874,0.000512471,0.005829561,frog,0.007881775,Yes
7258,2,val,bird,7258,0.1008879,0.82713306,0.04956337,0.000907716,0.005856068,0.000413461,0.001415977,0.00166021,0.003130321,0.009031985,automobile,0.04956337,Yes
7353,7,val,horse,7353,0.000387436,0.000399008,9.39E-05,0.37795433,0.012139854,0.5627812,0.000163691,0.04478461,0.000695341,0.000600585,dog,0.04478461,Yes
7397,2,val,bird,7397,0.001280072,0.000444177,0.000314078,0.001439598,0.041273713,0.000357632,0.9541645,0.000163062,0.000206196,0.000356933,frog,0.000314078,Yes
7446,5,val,dog,7446,5.77E-06,4.26E-06,0.000159501,0.9994242,7.46E-06,0.000362374,6.43E-06,1.85E-05,1.92E-06,9.58E-06,cat,0.000362374,Yes
7532,3,val,cat,7532,0.000110346,0.000139387,0.001902075,0.21542932,0.000684811,0.77886355,0.002063006,0.000394813,6.32E-05,0.000349595,dog,0.21542932,Yes
7539,3,val,cat,7539,0.5889677,0.00313018,0.000354006,0.38991788,0.005182547,0.003378728,0.000630578,0.000995379,0.006983833,0.000459257,airplane,0.38991788,Yes
7584,3,val,cat,7584,0.000111137,7.15E-05,0.000108087,0.47759292,0.000103526,0.5215804,7.75E-05,0.000193494,8.15E-05,7.99E-05,dog,0.47759292,Yes
7586,2,val,bird,7586,0.8445765,0.000455464,0.008618168,0.024478514,0.000919816,0.000399191,0.1190449,0.000424168,0.000891559,0.000191769,airplane,0.008618168,Yes
7590,5,val,dog,7590,0.00040375,0.000269629,0.007355311,0.01576065,0.00226057,0.2091164,0.7641906,0.000167763,0.00019071,0.000284608,frog,0.2091164,Yes
7635,2,val,bird,7635,0.9617387,0.000343407,0.02469955,0.003004976,0.003052695,0.002432445,0.000188607,0.000934901,0.00292396,0.000680649,airplane,0.02469955,Yes
7761,2,val,bird,7761,0.001177547,0.000546432,0.02679566,0.006403007,0.94724524,0.001095755,0.01498683,0.000496264,0.000816072,0.000437195,deer,0.02679566,Yes
7805,0,val,airplane,7805,0.00473536,0.000492976,0.9085288,0.000303643,0.000390785,0.000312584,0.000307645,0.000756514,0.005718418,0.07845323,bird,0.00473536,Yes
7814,3,val,cat,7814,0.000810899,0.000217072,0.000173692,0.16758396,0.000480966,0.82546264,0.00027255,0.004499602,0.000119636,0.000378951,dog,0.16758396,Yes
7865,0,val,airplane,7865,0.2838288,0.24260908,0.001562625,0.019053953,0.001401037,0.001298914,0.001491925,0.00098118,0.44521284,0.00255964,ship,0.2838288,Yes
7890,2,val,bird,7890,0.02283353,0.004397817,0.032822583,0.000766271,0.000433052,0.000535061,0.88220644,0.00139056,0.000579167,0.054035556,frog,0.032822583,Yes
7921,5,val,dog,7921,9.20E-05,0.00011522,0.10632797,0.8810773,0.002947183,0.007412667,6.72E-05,0.001601638,4.26E-05,0.000316208,cat,0.007412667,Yes
8024,2,val,bird,8024,8.59E-05,6.74E-05,0.001822563,0.00013185,8.30E-05,9.48E-05,0.9975829,3.26E-05,5.82E-05,4.07E-05,frog,0.001822563,Yes
8156,5,val,dog,8156,4.18E-05,5.73E-05,0.000284871,0.942365,4.79E-05,0.05701392,2.57E-05,7.62E-05,4.37E-05,4.37E-05,cat,0.05701392,Yes
8173,2,val,bird,8173,0.001505439,0.000152521,0.041011628,0.003722061,0.00026533,0.000321636,0.9440779,0.000165704,0.008608859,0.000168974,frog,0.041011628,Yes
8222,8,val,ship,8222,0.37751585,0.002050498,0.000504435,0.000689675,0.000327682,0.00035608,0.000440315,0.000632676,0.004015258,0.61346745,truck,0.004015258,Yes
8301,8,val,ship,8301,0.013267756,0.000570057,0.9298236,0.017715758,0.000561504,0.002033498,0.001036323,0.000909559,0.024451336,0.009630697,bird,0.024451336,Yes
8643,7,val,horse,8643,0.001941407,0.002117314,0.002809964,0.20352408,0.000391184,0.65487856,0.02077265,0.10658646,0.001343952,0.005634436,dog,0.10658646,Yes
8645,3,val,cat,8645,4.78E-05,4.15E-05,5.34E-05,0.058207333,0.000148744,0.94125175,9.44E-05,7.87E-05,3.03E-05,4.61E-05,dog,0.058207333,Yes
8655,0,val,airplane,8655,0.06470453,0.000129947,0.000990467,0.8982388,0.02440006,0.010016903,0.000264514,6.57E-05,0.001047323,0.000141816,cat,0.06470453,Yes
8732,4,val,deer,8732,0.000509666,0.000423454,0.000390999,0.001680906,0.07079945,0.0030253,0.9208179,0.001649718,0.000458573,0.000244047,frog,0.07079945,Yes
8781,3,val,cat,8781,0.000904702,0.000363641,0.88535595,0.003725894,0.00052071,0.000239208,0.10690245,0.000330839,0.000336116,0.001320456,bird,0.003725894,Yes
8792,4,val,deer,8792,0.10561267,0.004082436,0.062294558,0.34953645,0.26041472,0.004173851,0.15220465,0.013876404,0.040774565,0.007029698,cat,0.26041472,Yes
8860,4,val,deer,8860,0.003161862,0.002340099,0.003946116,0.5958304,0.19640279,0.000970401,0.19568378,0.000425593,0.00027675,0.000962212,cat,0.19640279,Yes
8929,5,val,dog,8929,0.573125,0.007520431,0.00627018,0.2986474,0.044172436,0.004275708,0.05327406,0.001426533,0.00406377,0.007224524,airplane,0.004275708,Yes
8990,2,val,bird,8990,0.014820283,0.002155986,0.46221787,0.000950612,0.007696622,0.001525077,0.007716691,0.010732843,0.48920792,0.00297619,ship,0.46221787,Yes
9145,3,val,cat,9145,0.00069217,0.00094226,0.003151644,0.13190246,0.000607516,0.8604312,0.000515229,0.00068925,0.00082222,0.000246051,dog,0.13190246,Yes
9235,5,val,dog,9235,5.51E-05,5.09E-05,3.46E-05,7.02E-05,5.15E-05,0.000282539,4.64E-05,0.999328,4.83E-05,3.26E-05,horse,0.000282539,Yes
9260,4,val,deer,9260,0.002938607,0.003326387,0.48132047,0.001558204,0.41805223,0.00344141,0.001799851,0.084671244,0.001375219,0.001516416,bird,0.41805223,Yes
9566,0,val,airplane,9566,0.43143758,0.002319058,0.004456158,0.000758885,0.007613567,0.000411226,0.001588371,0.001490896,0.4971879,0.052736286,ship,0.43143758,Yes
9667,3,val,cat,9667,0.014643637,0.000214049,1.60E-05,0.37967026,0.000195436,0.6047649,7.11E-05,0.000126606,7.79E-05,0.000220214,dog,0.37967026,Yes
9803,2,val,bird,9803,0.08549291,0.02448663,0.17241402,0.008103558,0.002426146,0.004917464,0.61169857,0.007445823,0.05260224,0.030412653,frog,0.17241402,Yes
9850,6,val,frog,9850,0.001243713,0.000455712,0.017884074,0.9527923,0.000471157,0.012243099,0.007834096,0.005063046,0.001726433,0.000286367,cat,0.007834096,Yes
9865,3,val,cat,9865,0.000411715,0.000897813,0.002631737,0.18829814,0.000616455,0.003579621,0.8027647,0.000322617,0.000275211,0.000201906,frog,0.18829814,Yes
9889,1,val,automobile,9889,0.20837443,0.0987652,0.008968854,0.002513052,0.001265544,0.003204049,0.08167653,0.004734191,0.011932971,0.57856524,truck,0.0987652,Yes
9892,3,val,cat,9892,0.000627324,0.000384193,0.58839303,0.3745281,0.001535752,0.031807438,0.001471765,0.00038746,0.000641283,0.000223586,bird,0.3745281,Yes
9961,9,val,truck,9961,0.003118489,0.63160634,0.003973984,0.00055244,0.000933535,0.002251658,0.000960728,0.34796754,0.003397,0.005238301,automobile,0.005238301,Yes
10021,3,val,cat,10021,0.000146614,0.000126391,0.000403177,0.31041473,0.009576084,0.65859103,0.000197632,0.020264523,0.000131296,0.000148516,dog,0.31041473,Yes
10025,6,val,frog,10025,0.001149148,0.001308549,0.5396418,0.005830935,0.28603733,0.019008614,0.1414583,0.001934411,0.001119524,0.002511363,bird,0.1414583,Yes
10115,0,val,airplane,10115,0.07851651,0.003521398,0.000217876,0.000907809,0.000329588,0.000180168,0.000584689,0.000548615,0.014714762,0.90047854,truck,0.07851651,Yes
10242,5,val,dog,10242,0.000424403,0.000381526,0.018882772,0.81541574,0.006610393,0.07638,0.08097639,0.000335341,0.000250748,0.000342675,cat,0.07638,Yes
10264,4,val,deer,10264,0.000832116,0.001041846,0.000683569,0.09541648,0.41408628,0.032161523,0.45366785,0.000765195,0.000288778,0.001056333,frog,0.41408628,Yes
10412,2,val,bird,10412,0.39119723,0.004766882,0.34555924,0.16570222,0.010163825,0.070371784,0.000560088,0.009676692,0.001062191,0.000939829,airplane,0.34555924,Yes
10720,4,val,deer,10720,0.018035589,0.000307624,0.9043194,0.01563969,0.05394106,0.000773154,0.000743017,0.001641724,0.001466857,0.003131916,bird,0.05394106,Yes
10765,4,val,deer,10765,3.84E-05,3.68E-05,0.000207383,0.99698275,0.001212129,0.000982169,0.000316692,4.31E-05,0.000117914,6.25E-05,cat,0.001212129,Yes
10857,3,val,cat,10857,0.001767443,0.001433643,0.002917098,0.4520506,0.001685091,0.5383576,0.000603506,0.000472787,0.000273071,0.000439202,dog,0.4520506,Yes
10915,9,val,truck,10915,0.001012468,0.95487344,9.25E-05,0.000317047,0.000113944,0.000139344,0.000179504,0.000123122,0.000384428,0.042764142,automobile,0.042764142,Yes
10918,3,val,cat,10918,3.40E-05,8.74E-06,0.000375236,0.003245339,1.52E-05,0.99626005,1.27E-05,1.16E-05,6.15E-06,3.10E-05,dog,0.003245339,Yes
10929,3,val,cat,10929,0.000252929,0.000285367,0.000182221,0.33962736,0.002364091,0.6431472,0.011791181,0.00095008,0.000136102,0.001263431,dog,0.33962736,Yes
11006,2,val,bird,11006,0.7679797,0.000185806,0.22604693,0.001420895,0.002876628,0.000126844,0.000429494,0.000156609,0.000632795,0.000144367,airplane,0.22604693,Yes
11173,9,val,truck,11173,0.13876165,0.011567998,0.56111676,0.001655505,0.00376357,0.001292787,0.002044981,0.002048222,0.07192545,0.20582308,bird,0.20582308,Yes
11195,3,val,cat,11195,0.00090028,0.000693064,0.001037528,0.043995485,0.000781455,0.9285973,0.020422813,0.002752039,0.000471655,0.000348337,dog,0.043995485,Yes
11201,5,val,dog,11201,0.000176824,0.000113989,0.7633431,0.21405606,0.002047246,0.019214336,0.000214575,0.000626064,7.85E-05,0.000129388,bird,0.019214336,Yes
11202,2,val,bird,11202,0.000534255,0.000393961,0.008055697,0.007150391,0.000227327,0.000383746,0.9820435,0.000908505,0.000154345,0.000148211,frog,0.008055697,Yes
11247,5,val,dog,11247,0.000950612,0.001289028,0.004092314,0.003417191,0.10602469,0.33703056,0.54316306,0.001711106,0.001319237,0.00100218,frog,0.33703056,Yes
11291,3,val,cat,11291,0.006299109,0.074640214,0.007139133,0.11740216,0.033284195,0.51611775,0.0499237,0.007456054,0.05799419,0.12974353,dog,0.11740216,Yes
11437,5,val,dog,11437,0.001910799,0.000566342,0.000473481,0.002750886,0.009367796,0.32384816,0.000391956,0.65928537,0.001180763,0.0002244,horse,0.32384816,Yes
11513,5,val,dog,11513,0.043486554,0.001170816,0.6820175,0.023492327,0.018508626,0.001766928,0.000578711,0.0015019,0.2266728,0.000803827,bird,0.001766928,Yes
11530,5,val,dog,11530,9.12E-05,8.48E-05,0.000317199,0.7686791,9.58E-05,0.22993568,0.000249393,0.00042708,3.98E-05,7.99E-05,cat,0.22993568,Yes
11670,4,val,deer,11670,0.028112344,0.13912675,0.038209222,0.10517341,0.2265379,0.007688273,0.32434317,0.014100516,0.09627414,0.020434253,frog,0.2265379,Yes
11710,2,val,bird,11710,0.95398426,0.000614632,0.03732827,0.000965647,0.004500837,0.000280134,0.001026513,0.000256059,0.000434174,0.000609401,airplane,0.03732827,Yes
11713,2,val,bird,11713,0.00413458,0.000471626,0.27363768,0.67895925,0.002733049,0.036027715,0.000418544,0.002537179,0.000220937,0.000859391,cat,0.27363768,Yes
11766,2,val,bird,11766,0.008264652,0.009621219,0.003701504,0.001811018,0.000248902,0.012617115,0.96142346,0.001681744,0.000215908,0.000414574,frog,0.003701504,Yes
11847,5,val,dog,11847,0.001394659,0.000716063,0.00106177,0.71928805,0.106145285,0.12209642,0.043253347,0.002972819,0.000638876,0.002432699,cat,0.12209642,Yes
11853,5,val,dog,11853,0.000323939,0.000686536,0.000359961,0.75300235,0.000220852,0.24349844,0.001340024,0.000145928,9.14E-05,0.000330634,cat,0.24349844,Yes
11894,3,val,cat,11894,0.00062374,0.00034154,0.005888957,0.15925436,0.000521661,0.002669521,0.83010036,0.000185929,0.000228977,0.000184985,frog,0.15925436,Yes
12053,5,val,dog,12053,0.000153661,0.000504251,0.000304147,0.70171946,0.000211833,0.29561767,0.000146034,0.000497177,0.000238379,0.000607353,cat,0.29561767,Yes
12216,3,val,cat,12216,5.96E-06,3.94E-06,1.46E-05,0.004926193,7.34E-06,0.99501306,8.15E-06,6.62E-06,2.48E-06,1.17E-05,dog,0.004926193,Yes
12317,2,val,bird,12317,0.9901467,0.000177345,0.008315065,0.000164437,9.28E-05,3.06E-05,4.26E-05,0.00020772,0.000212854,0.000609892,airplane,0.008315065,Yes
12349,5,val,dog,12349,0.009011664,0.013874015,0.006134628,0.4062859,0.15490644,0.062216558,0.3248839,0.002874116,0.014031297,0.005781476,cat,0.062216558,Yes
12374,6,val,frog,12374,0.002462908,0.001323024,0.047436766,0.7992167,0.00158152,0.001757942,0.13232544,0.010941257,0.002277693,0.000676768,cat,0.13232544,Yes
12394,7,val,horse,12394,0.001846062,0.00111893,0.005947541,0.49394298,0.033618715,0.20386393,0.008878259,0.24857575,0.00109851,0.001109345,cat,0.24857575,Yes
12532,5,val,dog,12532,0.000151412,0.000317204,0.00172577,0.8319169,0.000142162,0.16503647,0.000239166,0.000120589,4.45E-05,0.000305795,cat,0.16503647,Yes
12549,2,val,bird,12549,0.000330475,8.33E-05,0.08194743,0.001846523,0.000177032,0.001080897,0.9140733,0.000232363,0.000139223,8.95E-05,frog,0.08194743,Yes
12586,1,val,automobile,12586,0.28752843,0.01866637,0.008616504,0.000426149,0.000568664,0.000371991,0.001814907,0.000641838,0.002863927,0.6785011,truck,0.01866637,Yes
12672,4,val,deer,12672,0.000120134,0.000108239,0.005047205,0.000503718,0.002558586,0.9908489,0.000484103,0.000130747,9.03E-05,0.0001081,dog,0.002558586,Yes
12750,3,val,cat,12750,0.001876465,0.000190807,8.98E-05,0.1551364,0.00114006,0.840168,0.00022809,0.000877632,0.000102123,0.000190613,dog,0.1551364,Yes
12912,5,val,dog,12912,0.007959344,0.002951151,0.017098784,0.010037158,0.002468169,0.014980037,0.87949127,0.008822946,0.025802996,0.03038818,frog,0.014980037,Yes
13359,5,val,dog,13359,0.001234256,0.12053405,0.000799282,0.6820052,0.005302804,0.15904321,0.002073434,0.003044896,0.024234569,0.001728266,cat,0.15904321,Yes
13436,0,val,airplane,13436,0.024315462,0.96460164,0.000597432,0.000360484,0.000332301,0.000177307,0.00042244,0.000240944,0.008001321,0.000950734,automobile,0.024315462,Yes
13533,3,val,cat,13533,0.000937751,0.001053452,0.004829042,0.113206774,0.75360876,0.107507974,0.002144687,0.014656346,0.000418336,0.001636909,deer,0.113206774,Yes
13597,7,val,horse,13597,0.02947074,0.001323784,0.005656151,0.8647946,0.00275312,0.002151111,0.000397919,0.092036314,0.000762302,0.000653952,cat,0.092036314,Yes
13634,6,val,frog,13634,0.011243467,0.019415762,0.867107,0.025417896,0.008431254,0.000839836,0.020720778,0.001204944,0.000737241,0.044881858,bird,0.020720778,Yes
13677,2,val,bird,13677,0.001413581,0.00055565,0.06754076,0.2718824,0.001038684,0.6442066,0.010366131,0.000841687,0.001524295,0.000630194,dog,0.06754076,Yes
13725,3,val,cat,13725,0.000193476,5.54E-06,0.998357,0.00105813,4.80E-05,9.96E-06,0.000157541,0.000136082,1.85E-05,1.57E-05,bird,0.00105813,Yes
13760,4,val,deer,13760,0.000657696,0.000523353,0.000486196,0.061882567,0.0945251,0.8365933,0.003972631,0.000556104,0.00036053,0.000442528,dog,0.0945251,Yes
13846,4,val,deer,13846,0.04278358,0.007233603,0.27134597,0.36450496,0.26959136,0.001143369,0.030637696,0.003670822,0.001303351,0.007785314,cat,0.26959136,Yes
14010,8,val,ship,14010,0.000181418,0.004016576,0.000116216,0.000133709,0.000153985,5.30E-05,8.83E-05,0.000115407,0.004452514,0.99068904,truck,0.004452514,Yes
14023,0,val,airplane,14023,0.04968985,0.000474579,0.9235032,0.00184022,0.022526838,0.000444716,0.000548272,0.000237088,0.000508452,0.000226885,bird,0.04968985,Yes
14034,5,val,dog,14034,0.002289417,0.03535453,0.003632224,0.038232762,0.000802763,0.24922846,0.00084792,0.00473765,0.002480784,0.66239345,truck,0.24922846,Yes
14127,2,val,bird,14127,0.000253199,3.19E-05,0.12215195,0.005556646,4.61E-05,0.000304602,0.8715444,2.27E-05,3.83E-05,5.01E-05,frog,0.12215195,Yes
14206,2,val,bird,14206,0.000660299,0.000375711,0.004591439,0.34521124,0.63096786,0.01456328,0.001064747,0.001298602,0.000465276,0.000801621,deer,0.004591439,Yes
14225,3,val,cat,14225,0.000793394,0.000516059,0.001209502,0.46750516,0.50883067,0.002393526,0.01747214,0.000322568,0.000318952,0.00063806,deer,0.46750516,Yes
14269,3,val,cat,14269,0.007084326,0.001457328,0.71658385,0.1927632,0.019772314,0.030192554,0.002015515,0.021167945,0.001416082,0.007546974,bird,0.1927632,Yes
14405,5,val,dog,14405,0.000189283,0.00033204,0.000261076,0.6647791,0.001323595,0.3296931,0.00041681,0.000787538,0.000188457,0.002028852,cat,0.3296931,Yes
14423,2,val,bird,14423,0.96451324,0.000103602,0.001088153,0.003127994,0.000194939,7.57E-05,0.030392602,0.000175236,0.000260202,6.83E-05,airplane,0.001088153,Yes
14485,3,val,cat,14485,0.014399188,0.026188243,0.06652312,0.27726564,0.002734514,0.005340003,0.3318936,0.26139742,0.010640522,0.003617747,frog,0.27726564,Yes
14558,3,val,cat,14558,0.000961652,0.000686868,0.001225962,0.22716355,0.021836944,0.009550462,0.7366268,0.000536586,0.000882999,0.000528213,frog,0.22716355,Yes
14602,2,val,bird,14602,0.003919972,0.000761947,0.27372816,0.024480484,0.68541455,0.006649249,0.001406964,0.002973388,0.000435201,0.000230071,deer,0.27372816,Yes
14661,9,val,truck,14661,0.003978091,0.009110115,0.001727655,0.020452267,0.015914328,0.034629032,0.000850214,0.8746094,0.001308678,0.0374203,horse,0.0374203,Yes
15128,8,val,ship,15128,0.9728084,0.000123183,0.000327546,0.000244565,0.000306914,4.47E-05,0.001231363,0.000167646,0.024470344,0.000275253,airplane,0.024470344,Yes
15210,3,val,cat,15210,0.9013614,0.001886985,0.0631906,0.009046541,0.001418836,0.000883507,0.0016827,0.001121152,0.00130806,0.018100165,airplane,0.009046541,Yes
15264,9,val,truck,15264,0.000365578,0.95757467,0.000163893,0.000495538,0.000475034,0.000615356,0.000328903,0.001334151,0.000396778,0.03825003,automobile,0.03825003,Yes
15339,4,val,deer,15339,0.001304058,0.000504637,0.013997127,0.002623648,0.09196262,0.001447145,0.88560134,0.001140183,0.000775831,0.000643395,frog,0.09196262,Yes
15380,2,val,bird,15380,0.8457925,0.000260805,0.15046465,0.000410959,0.000908643,0.000415076,0.000353751,0.000482982,0.000731869,0.000178688,airplane,0.15046465,Yes
15450,5,val,dog,15450,3.53E-05,6.17E-05,3.43E-05,0.99959177,4.16E-05,0.000165872,1.55E-05,2.63E-05,1.39E-05,1.35E-05,cat,0.000165872,Yes
15493,3,val,cat,15493,0.000145727,0.000129111,0.00016131,0.000775132,0.006397319,0.9893902,0.00011268,0.002660615,0.000129599,9.83E-05,dog,0.000775132,Yes
15641,3,val,cat,15641,0.86005205,0.000462987,0.000554128,0.1344918,0.001444233,0.000119851,0.000466781,0.000421178,0.00166827,0.000318645,airplane,0.1344918,Yes
15650,6,val,frog,15650,0.001135689,0.003959728,0.0003696,0.001453551,0.002917982,0.009210685,0.13365778,0.000294099,0.008689847,0.838311,truck,0.13365778,Yes
15697,2,val,bird,15697,0.001094689,0.005458691,0.03474856,0.11939376,0.000930858,0.004217534,0.8290364,0.001971744,0.000615722,0.002532035,frog,0.03474856,Yes
15706,3,val,cat,15706,0.31807372,0.002674184,0.64702183,0.003239873,0.002406925,0.00145132,0.004131701,0.001609009,0.01824389,0.00114756,bird,0.003239873,Yes
15769,7,val,horse,15769,1.45E-05,6.16E-06,3.91E-06,7.31E-06,0.999637,5.00E-06,7.66E-06,0.000311847,4.17E-06,2.34E-06,deer,0.000311847,Yes
15834,3,val,cat,15834,0.001133275,0.000773323,0.001258354,0.3478469,0.016565166,0.60043633,0.022734825,0.00753155,0.000769284,0.000951062,dog,0.3478469,Yes
15864,4,val,deer,15864,0.000354043,0.000140868,0.037291758,0.5538095,0.4015402,0.00033906,0.005837156,0.000207464,0.000253166,0.000226792,cat,0.4015402,Yes
16063,1,val,automobile,16063,0.001627581,0.30894235,0.000580151,0.000738025,0.001774485,0.000745654,0.007298849,0.001107306,0.034794103,0.6423915,truck,0.30894235,Yes
16170,9,val,truck,16170,0.99600595,0.000171126,3.72E-05,5.43E-05,8.75E-06,1.60E-05,1.48E-05,2.28E-05,3.71E-05,0.00363213,airplane,0.00363213,Yes
16212,5,val,dog,16212,0.000625221,0.000528696,0.538892,0.010461593,0.017357428,0.30949497,0.11985611,0.001197998,0.000702495,0.000883543,bird,0.30949497,Yes
16284,3,val,cat,16284,0.269101,0.004007028,0.19086543,0.21686247,0.002953667,0.005800545,0.005016171,0.006830751,0.018154727,0.2804082,truck,0.21686247,Yes
16363,3,val,cat,16363,0.001968165,0.000177522,0.000627302,0.25845456,0.72651327,0.011178868,0.000608069,0.000338372,7.87E-05,5.52E-05,deer,0.25845456,Yes
16389,6,val,frog,16389,0.014868365,4.13E-05,0.9844171,6.71E-05,7.60E-05,0.000235188,7.42E-05,0.000114108,6.88E-05,3.78E-05,bird,7.42E-05,Yes
16408,5,val,dog,16408,0.000973243,0.000874287,0.011548474,0.64928466,0.002667747,0.32810533,0.001710538,0.002393941,0.001385002,0.001056777,cat,0.32810533,Yes
16537,7,val,horse,16537,0.036173105,0.002512731,0.001789626,0.8831511,0.001409023,0.028134523,0.001474791,0.039500266,0.000470858,0.005383974,cat,0.039500266,Yes
16635,3,val,cat,16635,4.80E-05,0.00051368,8.86E-05,0.000143937,2.93E-05,0.000100195,0.000128519,0.9964394,8.54E-05,0.002422763,horse,0.000143937,Yes
16663,6,val,frog,16663,0.5928738,0.000965241,0.22171392,0.002730993,0.000794275,0.001315879,0.1699523,0.007668118,0.00106841,0.000917066,airplane,0.1699523,Yes
16730,8,val,ship,16730,0.6547212,0.000233319,0.000509778,0.000284851,0.001038924,0.000126137,0.000337524,0.000793305,0.3393034,0.002651622,airplane,0.3393034,Yes
16746,3,val,cat,16746,0.000346615,0.000269043,0.5070645,0.4778053,0.006876473,0.000795439,0.00396824,0.001219701,0.001475009,0.000179692,bird,0.4778053,Yes
16771,5,val,dog,16771,3.07E-05,2.85E-05,8.85E-05,0.9747798,6.42E-05,0.02482825,9.59E-05,1.94E-05,9.57E-06,5.52E-05,cat,0.02482825,Yes
16789,6,val,frog,16789,0.002139137,0.000223156,0.03263302,0.9255529,0.001719702,0.000326043,0.03687871,0.000242039,9.56E-05,0.000189626,cat,0.03687871,Yes
16791,3,val,cat,16791,0.007856332,0.000911186,0.041214574,0.004808659,0.08161215,0.8588872,0.000747048,0.002063339,0.000760631,0.001138788,dog,0.004808659,Yes
17027,5,val,dog,17027,0.04353142,0.003462655,0.001327897,0.005567987,0.021481058,0.042681918,0.000615457,0.8742686,0.003900546,0.003162425,horse,0.042681918,Yes
17051,3,val,cat,17051,0.8044546,0.003696692,0.001969841,0.055476524,0.04741227,0.078463584,0.001948597,0.002819335,0.00061691,0.003141635,airplane,0.055476524,Yes
17053,3,val,cat,17053,0.000100172,0.000242278,0.000406177,0.14727283,0.000358171,0.8453039,0.005829488,0.000144855,7.66E-05,0.000265633,dog,0.14727283,Yes
17070,2,val,bird,17070,0.9574091,0.000312697,0.026189495,0.000902347,0.002256888,0.000941774,0.010059871,0.00082666,0.000651082,0.000450087,airplane,0.026189495,Yes
17103,0,val,airplane,17103,0.004177852,0.000483857,0.000457609,0.7419123,0.000281924,0.24248366,0.00282155,0.00205755,0.000195453,0.005128271,cat,0.004177852,Yes
17162,8,val,ship,17162,0.000302429,0.000410911,3.89E-05,0.000130346,4.51E-05,6.94E-05,9.20E-05,0.000219508,0.016270287,0.9824211,truck,0.016270287,Yes
17391,3,val,cat,17391,9.86E-05,0.00019748,0.001474423,0.00040382,0.000454571,0.9946583,0.002247969,0.000208886,0.000100693,0.000155218,dog,0.00040382,Yes
17485,0,val,airplane,17485,0.21714376,0.000784108,0.003357009,0.71937925,0.003499377,0.048581608,0.003913492,0.001457698,0.000716494,0.001167267,cat,0.21714376,Yes
17518,5,val,dog,17518,0.003396492,0.000918566,0.5780915,0.003390783,0.0944388,0.30985066,0.00184913,0.001823518,0.000975296,0.005265272,bird,0.30985066,Yes
17590,9,val,truck,17590,0.000338163,0.003088777,6.16E-05,0.000310723,0.000155389,9.68E-05,0.99475175,0.000120426,8.18E-05,0.000994498,frog,0.000994498,Yes
17671,4,val,deer,17671,0.001196296,0.001133587,0.77342665,0.015333314,0.14014293,0.06691369,0.000426566,0.0003664,0.000357196,0.000703378,bird,0.14014293,Yes
17713,4,val,deer,17713,0.00023007,0.000327262,0.000325405,0.58100456,0.37850875,0.037339505,0.000984827,0.000924032,0.000123145,0.000232452,cat,0.37850875,Yes
17863,3,val,cat,17863,0.000157676,0.000146992,0.000365959,0.057211082,0.00012247,0.94087774,0.000314134,0.000516193,7.11E-05,0.000216633,dog,0.057211082,Yes
17910,7,val,horse,17910,0.000722356,0.000284848,7.94E-05,0.7793819,0.005453352,0.013591545,0.00138429,0.19867244,0.000212834,0.000217179,cat,0.19867244,Yes
18028,4,val,deer,18028,0.004817684,0.000346174,0.000447272,0.80374223,0.18471153,0.00277868,0.0007662,0.000981619,0.001159446,0.000249119,cat,0.18471153,Yes
18180,3,val,cat,18180,0.002544955,0.003553755,0.15165602,0.23723724,0.4572688,0.017923547,0.06209536,0.05743559,0.008568628,0.001716099,deer,0.23723724,Yes
18199,5,val,dog,18199,0.001134588,0.000182973,0.9484578,0.009188994,0.000716205,0.03977379,0.000158258,7.59E-05,0.000216439,9.50E-05,bird,0.03977379,Yes
18212,5,val,dog,18212,0.002463762,0.001405808,0.012057247,0.24317695,0.4599776,0.26414287,0.007332589,0.006994266,0.000880819,0.001568046,deer,0.26414287,Yes
18277,5,val,dog,18277,0.000835559,0.000281899,0.000974312,0.014971794,0.9553152,0.011941149,0.01489224,0.000223913,0.000282126,0.000281882,deer,0.011941149,Yes
18389,3,val,cat,18389,0.000126354,0.000111259,0.001848687,0.47081864,0.003282986,0.000163025,0.5234098,8.37E-05,8.75E-05,6.81E-05,frog,0.47081864,Yes
18438,1,val,automobile,18438,0.001564289,0.22591169,0.000509216,0.000385579,0.00032218,0.000427732,0.00062353,0.000474368,0.001177914,0.7686035,truck,0.22591169,Yes
18479,3,val,cat,18479,0.034377564,0.002001364,0.000667901,0.3176433,0.003309808,0.011437188,0.001974697,0.014497776,0.612435,0.001655436,ship,0.3176433,Yes
18551,1,val,automobile,18551,0.000777453,0.15052983,0.000304616,0.8402989,0.000328584,0.002173681,0.00078024,0.002171166,0.000878863,0.001756594,cat,0.15052983,Yes
18617,8,val,ship,18617,0.00014882,1.10E-05,0.99680835,7.64E-05,0.000127267,4.33E-05,3.83E-05,1.09E-05,0.002727629,8.13E-06,bird,0.002727629,Yes
18952,2,val,bird,18952,0.000220199,0.9870896,0.009969379,0.000163124,0.000207308,0.000311129,0.001339391,0.000171359,0.00040235,0.00012618,automobile,0.009969379,Yes
19085,7,val,horse,19085,0.000132596,0.000152856,0.000355061,0.6769936,0.000399429,0.31818807,0.000170787,0.00285338,6.75E-05,0.000686638,cat,0.00285338,Yes
19180,4,val,deer,19180,0.121070795,0.0504108,0.4990811,0.005519297,0.25337365,0.003008132,0.019391753,0.006156232,0.023755517,0.018232765,bird,0.25337365,Yes
19191,5,val,dog,19191,0.000627286,0.001461087,0.03289302,0.43865636,0.000940091,0.27704653,0.000777388,0.24607952,0.000479592,0.001039125,cat,0.27704653,Yes
19192,7,val,horse,19192,0.001860387,0.000459628,0.001142855,0.00069341,0.89905167,0.000736685,0.005743714,0.08479095,0.003307565,0.002213104,deer,0.08479095,Yes
19214,8,val,ship,19214,0.82846785,0.000124735,0.000124071,6.36E-05,0.000190808,3.95E-05,0.000213384,0.000125688,0.17060356,4.67E-05,airplane,0.17060356,Yes
19295,2,val,bird,19295,0.00043937,0.000929016,0.050089926,0.45099092,0.001564848,0.48838675,0.005054414,0.001426038,0.000461464,0.000657285,dog,0.050089926,Yes
19388,3,val,cat,19388,0.000165629,0.00010559,0.000207894,0.052364163,0.000248814,0.001833393,0.9436426,0.000281936,0.000509873,0.000640139,frog,0.052364163,Yes
19466,7,val,horse,19466,6.30E-05,8.98E-05,1.25E-05,0.9982627,6.52E-05,0.000904276,0.000131131,0.000426488,2.65E-05,1.83E-05,cat,0.000426488,Yes
19483,5,val,dog,19483,0.00927358,0.002462074,0.036981188,0.6462015,0.001528779,0.26243192,0.006266614,0.004243486,0.002878917,0.027731957,cat,0.26243192,Yes
19537,5,val,dog,19537,0.002344011,0.000489296,0.26197657,0.6854017,0.014861159,0.001006819,0.000431748,0.033046838,0.00017793,0.000263948,cat,0.001006819,Yes
19577,3,val,cat,19577,0.003015749,0.003425463,0.18050198,0.38910934,0.005293622,0.38969862,0.007678664,0.015376153,0.003524156,0.002376302,dog,0.38910934,Yes
19586,6,val,frog,19586,0.9762181,0.001989001,0.00042159,0.000439632,0.000120303,9.14E-05,0.019399399,0.000160039,0.000542628,0.000617762,airplane,0.019399399,Yes
19900,5,val,dog,19900,0.001082079,0.000734314,0.003137973,0.011657755,0.5915167,0.35720918,0.032008965,0.000890374,0.000819695,0.000942983,deer,0.35720918,Yes
19905,7,val,horse,19905,5.15E-05,1.44E-05,7.95E-06,7.27E-06,0.9983047,0.000107605,3.77E-05,0.001442637,1.91E-05,7.11E-06,deer,0.001442637,Yes
19972,5,val,dog,19972,0.001082197,0.000669311,0.000198486,0.000408206,0.97180194,0.023782862,0.000319322,0.001052653,0.00052525,0.000159724,deer,0.023782862,Yes
20139,3,val,cat,20139,0.000700043,0.000129631,0.000513615,0.09056811,0.07410425,0.8332814,0.000361488,0.000188226,6.82E-05,8.50E-05,dog,0.09056811,Yes
20255,3,val,cat,20255,0.6841532,0.003345878,0.001455297,0.113792256,0.001556766,0.0653758,0.11006744,0.002909298,0.001662659,0.015681472,airplane,0.113792256,Yes
20330,3,val,cat,20330,0.000105028,4.32E-05,0.88817126,0.11039469,0.000505881,4.15E-05,0.000421184,4.56E-05,0.000236899,3.48E-05,bird,0.11039469,Yes
20383,0,val,airplane,20383,0.059789352,0.001740039,0.003479563,0.001010494,0.003109446,0.000484609,0.05858861,0.001644791,0.866043,0.004110064,ship,0.059789352,Yes
20421,5,val,dog,20421,0.000829828,0.000444128,0.000652289,0.38716546,0.41437992,0.19304089,0.001820623,0.000875326,0.000384446,0.000407144,deer,0.19304089,Yes
20514,6,val,frog,20514,0.060914967,0.00142876,0.004191702,0.31587034,0.000288557,0.003111955,0.009287702,0.59764266,0.005134148,0.002129264,horse,0.009287702,Yes
20558,2,val,bird,20558,0.95386,0.000451562,0.03666891,0.000208053,0.00264244,0.000194118,0.002926713,0.001185573,0.001258827,0.00060372,airplane,0.03666891,Yes
20704,3,val,cat,20704,3.81E-05,6.89E-05,0.000328048,0.044856563,0.003743485,0.9480711,4.61E-05,0.002752675,3.55E-05,5.96E-05,dog,0.044856563,Yes
20792,7,val,horse,20792,0.012716807,0.001169492,0.79138213,0.005402864,0.023533281,0.001920212,0.006298335,0.15362601,0.003463764,0.000487036,bird,0.15362601,Yes
20940,5,val,dog,20940,8.79E-06,2.37E-05,7.18E-06,0.99977714,4.14E-05,7.18E-05,4.00E-06,3.29E-05,2.08E-06,3.10E-05,cat,7.18E-05,Yes
20999,8,val,ship,20999,0.000377731,0.000950259,0.049076512,0.000958198,0.000395736,0.8985566,0.005181036,0.025863733,0.01629537,0.002344885,dog,0.01629537,Yes
21048,4,val,deer,21048,0.000613977,0.000210673,0.093486205,0.008572114,0.002084044,0.8921982,0.000726501,0.000528646,0.00121253,0.000367156,dog,0.002084044,Yes
21127,5,val,dog,21127,0.025390051,0.018654482,0.011226869,0.005280074,0.002002738,0.10910459,0.005205894,0.002873908,0.015450488,0.8048109,truck,0.10910459,Yes
21279,5,val,dog,21279,0.06684448,0.001010792,0.29359877,0.001431874,0.19767801,0.02379652,0.006776573,0.001870405,0.40456915,0.002423406,ship,0.02379652,Yes
21292,6,val,frog,21292,0.000215289,0.000238782,0.000461758,0.002184508,0.9443095,0.007942977,0.0437444,0.000485242,0.000175895,0.000241668,deer,0.0437444,Yes
21538,1,val,automobile,21538,0.02439393,0.22874853,0.014634477,0.27942458,0.002207954,0.007367296,0.010904171,0.008262599,0.007649855,0.41640654,truck,0.22874853,Yes
21637,2,val,bird,21637,0.4818525,0.021539543,0.33160233,0.0819848,0.006289091,0.008151697,0.002061912,0.004417428,0.05452078,0.007579953,airplane,0.33160233,Yes
21645,9,val,truck,21645,0.001385341,0.9005858,0.004113971,0.001719151,0.00037864,0.001025794,0.079654515,0.000908256,0.008323053,0.001905552,automobile,0.001905552,Yes
21763,6,val,frog,21763,0.90374315,0.003285766,0.000971538,0.038511652,0.003459507,0.000618018,0.028817542,0.008193671,0.010875703,0.001523522,airplane,0.028817542,Yes
21786,9,val,truck,21786,0.000460136,0.9761879,0.000173985,0.000208234,0.000193992,0.000163048,0.000315334,0.000280104,0.000376036,0.021641333,automobile,0.021641333,Yes
21892,0,val,airplane,21892,0.31240344,0.010764329,0.33820578,0.026104469,0.0138514,0.001337204,0.011647017,0.004189995,0.27514967,0.006346733,bird,0.31240344,Yes
21962,3,val,cat,21962,5.90E-06,7.85E-06,2.66E-05,0.001554424,2.97E-05,0.9982369,9.73E-05,1.25E-05,6.33E-06,2.25E-05,dog,0.001554424,Yes
22005,4,val,deer,22005,0.000453934,0.000286342,0.5149431,0.005540311,0.4734466,0.001163097,0.000491563,0.003246349,0.000167638,0.000261038,bird,0.4734466,Yes
22378,4,val,deer,22378,0.045592025,0.003739276,0.003156985,0.6986145,0.20221978,0.03239127,0.005923862,0.005358777,0.001358153,0.001645333,cat,0.20221978,Yes
22385,4,val,deer,22385,0.36033645,0.018765625,0.001347116,0.026380941,0.005015036,0.007716108,0.004431652,0.55696535,0.002094404,0.016947256,horse,0.005015036,Yes
22432,2,val,bird,22432,0.82651776,0.00067422,0.15852399,0.007736549,0.00211808,0.000741709,0.001097386,0.000484962,0.001255097,0.000850303,airplane,0.15852399,Yes
22585,7,val,horse,22585,0.003441931,0.030770034,0.044930197,0.006600461,0.001324162,0.008915822,0.004924568,0.43446627,0.4602546,0.004371884,ship,0.43446627,Yes
22908,5,val,dog,22908,0.0006025,0.000696494,0.000304549,0.002683457,0.022228576,0.3766881,0.002041141,0.59383726,0.000590858,0.000327099,horse,0.3766881,Yes
22997,0,val,airplane,22997,0.052318815,5.63E-05,0.007735079,0.9337068,0.00012848,6.52E-05,0.000120349,8.31E-05,0.005747372,3.85E-05,cat,0.052318815,Yes
23056,0,val,airplane,23056,0.17865269,0.39726725,0.05402118,0.0365409,0.013166798,0.03226715,0.018141136,0.032915525,0.037616074,0.19941129,automobile,0.17865269,Yes
23207,5,val,dog,23207,0.000216943,8.69E-05,0.000218902,0.9755585,0.00010755,0.000446268,0.000248341,9.47E-05,0.022716828,0.000305032,cat,0.000446268,Yes
23261,3,val,cat,23261,0.000273519,0.000424864,0.000508279,0.34880373,0.018731495,0.6216403,0.004818398,0.002847985,0.000264046,0.001687338,dog,0.34880373,Yes
23334,4,val,deer,23334,0.000185015,0.000113976,0.000675458,0.001130444,0.094497085,0.8978901,0.000203019,0.005062137,9.66E-05,0.000146093,dog,0.094497085,Yes
23389,3,val,cat,23389,0.033922795,0.001653733,0.01203997,0.12455147,0.001713053,0.000653608,0.001801895,0.70616466,0.01182879,0.10566991,horse,0.12455147,Yes
23435,7,val,horse,23435,0.007565179,0.000705794,0.9077301,0.001258074,0.048724372,0.018319976,0.000185737,0.013546127,0.001596895,0.000367858,bird,0.013546127,Yes
23515,5,val,dog,23515,0.002179941,0.004959113,0.229095,0.07793573,0.007178291,0.027686268,0.6409884,0.007403104,0.001062476,0.001511643,frog,0.027686268,Yes
23785,7,val,horse,23785,0.004356656,0.001811048,0.004021828,0.022555383,0.001491561,0.019029973,0.707226,0.23689711,0.000730572,0.001879848,frog,0.23689711,Yes
23875,9,val,truck,23875,0.000115444,0.9650723,3.83E-05,7.50E-05,8.22E-05,5.41E-05,0.000110615,7.71E-05,8.70E-05,0.03428805,automobile,0.03428805,Yes
23882,4,val,deer,23882,0.000301797,0.000188459,0.002004576,0.001369818,0.2440816,0.7481622,0.000617291,0.002597001,0.000364378,0.000312878,dog,0.2440816,Yes
23934,6,val,frog,23934,0.002344709,0.015317459,0.001537425,0.02802428,0.3962355,0.5353976,0.014020955,0.002560059,0.000777753,0.003784373,dog,0.014020955,Yes
23939,6,val,frog,23939,0.000868571,0.00011578,0.9717112,0.001454357,0.000885143,0.000401797,0.017789375,0.006491401,0.000173069,0.000109286,bird,0.017789375,Yes
23969,1,val,automobile,23969,0.000663261,0.24796201,0.00020276,0.000176583,0.000206975,0.000202408,0.000235476,0.000199345,0.000759495,0.7493916,truck,0.24796201,Yes
24141,7,val,horse,24141,2.61E-05,0.000105156,9.39E-05,0.000188666,0.000170321,0.99424464,0.0011154,0.003983323,3.85E-05,3.40E-05,dog,0.003983323,Yes
24193,3,val,cat,24193,0.000393319,0.000453056,0.000266303,0.11508639,0.00077262,0.002340719,0.000319679,0.87944543,0.000393622,0.000528855,horse,0.11508639,Yes
24302,5,val,dog,24302,1.56E-05,2.10E-05,1.00E-05,0.998173,1.21E-05,0.001575889,0.000148695,2.23E-05,1.29E-05,8.53E-06,cat,0.001575889,Yes
24327,7,val,horse,24327,0.000671733,0.000813973,0.001091908,0.000766932,0.5223562,0.30061877,0.00041611,0.1723437,0.000539398,0.000381234,deer,0.1723437,Yes
24464,4,val,deer,24464,0.000155727,8.88E-05,0.00174785,0.9921943,0.001174743,0.001448363,0.002055362,8.19E-05,0.00021579,0.000837166,cat,0.001174743,Yes
24645,7,val,horse,24645,0.002748331,0.000908187,0.07230934,0.034521766,0.74888605,0.034821272,0.000226375,0.10453087,0.0004455,0.000602326,deer,0.10453087,Yes
24650,5,val,dog,24650,0.000273418,0.000127079,3.26E-05,0.9790933,0.001572233,0.013913253,0.000199314,0.004596083,6.43E-05,0.000128283,cat,0.013913253,Yes
24662,5,val,dog,24662,1.59E-05,0.000119036,6.76E-05,0.99345374,0.000347755,0.003286405,1.51E-05,0.002587245,9.48E-06,9.78E-05,cat,0.003286405,Yes
24895,6,val,frog,24895,0.002088599,0.001386238,0.4147337,0.44756687,0.011349986,0.028365279,0.072453395,0.007444509,0.013829554,0.000781882,cat,0.072453395,Yes
24919,2,val,bird,24919,0.9990244,8.47E-06,0.000887097,1.82E-05,1.45E-05,3.13E-06,4.52E-06,4.31E-06,2.97E-05,5.55E-06,airplane,0.000887097,Yes
24951,5,val,dog,24951,0.002455232,0.93588847,0.001625463,0.00170762,0.000503627,0.039614737,0.004107423,0.000482091,0.000759831,0.012855446,automobile,0.039614737,Yes
25077,3,val,cat,25077,0.001866694,0.004712403,0.025096105,0.1115884,0.022357335,0.26769555,0.20279482,0.32380185,0.007404236,0.03268266,horse,0.1115884,Yes
25095,2,val,bird,25095,0.98625505,0.00037753,0.008489094,0.000200199,0.000279509,0.000109815,8.60E-05,0.000103123,0.003816764,0.000282822,airplane,0.008489094,Yes
25191,0,val,airplane,25191,0.23655769,0.7597344,0.000332709,0.000407762,0.000100731,0.000120308,0.000136066,0.000109232,0.000960708,0.001540504,automobile,0.23655769,Yes
25207,8,val,ship,25207,0.9992718,8.92E-06,3.77E-05,1.58E-05,1.17E-05,1.19E-05,1.03E-05,2.12E-05,0.000594719,1.61E-05,airplane,0.000594719,Yes
25256,3,val,cat,25256,0.003685577,0.0003458,0.010286748,0.017687026,0.004734458,0.002162945,0.96030325,0.000199556,0.000315554,0.000279054,frog,0.017687026,Yes
25262,5,val,dog,25262,2.96E-05,6.27E-06,0.000392634,0.9987684,8.64E-05,0.00068079,1.88E-05,1.06E-05,2.04E-06,4.37E-06,cat,0.00068079,Yes
25330,0,val,airplane,25330,0.003002722,6.96E-05,0.99633175,0.000139024,6.71E-05,0.000172832,2.11E-05,4.17E-05,5.11E-05,0.000103067,bird,0.003002722,Yes
25432,5,val,dog,25432,0.004780064,0.00030962,0.004988228,0.8959955,0.03745975,0.055087138,0.000366067,0.000463546,0.000179074,0.00037108,cat,0.055087138,Yes
25504,3,val,cat,25504,7.53E-06,3.72E-05,0.000141038,0.000432623,3.19E-05,0.99913245,3.84E-05,0.000137249,9.63E-06,3.20E-05,dog,0.000432623,Yes
25593,2,val,bird,25593,0.005781462,0.003942176,0.2625163,0.11086747,0.13958625,0.001932914,0.4630459,0.00747088,0.002741313,0.002115362,frog,0.2625163,Yes
25650,2,val,bird,25650,0.007506858,0.000484063,0.21192431,0.022818264,0.7511484,0.000276622,0.002759264,0.000945139,0.000720378,0.001416785,deer,0.21192431,Yes
25667,3,val,cat,25667,0.211237,0.09049281,0.58149874,0.05281596,0.000893722,0.002041575,0.02937899,0.00821962,0.003427928,0.019993626,bird,0.05281596,Yes
25702,5,val,dog,25702,0.001079533,0.001624667,0.003111737,0.002551537,0.004756326,0.39595035,0.037439108,0.000645505,0.5366651,0.016176159,ship,0.39595035,Yes
25727,5,val,dog,25727,5.93E-05,0.000111243,0.001053097,0.000315698,3.71E-05,0.018960051,0.9791403,0.000194459,5.56E-05,7.33E-05,frog,0.018960051,Yes
25883,9,val,truck,25883,0.002152698,0.99708587,6.45E-05,3.88E-05,2.03E-05,3.22E-05,3.03E-05,1.46E-05,5.90E-05,0.000501755,automobile,0.000501755,Yes
26034,2,val,bird,26034,0.93522286,0.00135821,0.01849454,0.000679642,0.031236736,0.005081208,0.000155077,0.001617964,0.001376124,0.004777647,airplane,0.01849454,Yes
26291,7,val,horse,26291,0.001349725,0.006630975,0.051080562,0.71392846,0.002656777,0.18999738,0.015927356,0.0157814,0.001334641,0.001312824,cat,0.0157814,Yes
26379,6,val,frog,26379,0.035906635,0.000578981,0.32575044,0.028612893,0.46498448,0.000728059,0.14102598,0.000694056,0.001024186,0.000694278,deer,0.14102598,Yes
26382,5,val,dog,26382,5.95E-05,7.88E-05,2.41E-05,0.004256808,0.000367335,0.001015719,0.00012211,0.99395025,7.50E-05,5.04E-05,horse,0.001015719,Yes
26414,2,val,bird,26414,0.001337114,0.000101694,0.42708555,0.000260482,0.000705359,0.000208418,0.5696405,0.000167176,0.000279454,0.000214216,frog,0.42708555,Yes
26598,3,val,cat,26598,0.000174787,0.000170025,0.000805867,0.2269019,0.000218094,0.77131045,0.000148936,0.000106876,3.28E-05,0.000130299,dog,0.2269019,Yes
26698,6,val,frog,26698,0.002106583,0.000821714,0.50777256,0.088660784,0.044259828,0.001210262,0.3432287,0.00680473,0.003377888,0.001756987,bird,0.3432287,Yes
26818,1,val,automobile,26818,0.020057198,0.2808999,0.000993099,0.002894938,0.002732771,0.001299183,0.001597482,0.001016354,0.000857899,0.68765116,truck,0.2808999,Yes
26832,9,val,truck,26832,0.000184137,0.000346178,0.000242441,0.000138473,6.75E-05,7.18E-05,0.000119567,9.62E-05,0.991285,0.007448743,ship,0.007448743,Yes
26911,4,val,deer,26911,0.020092895,0.00135123,0.009586651,0.79839516,0.0766866,0.007089215,0.07819653,0.001463496,0.001458196,0.005679997,cat,0.0766866,Yes
26928,3,val,cat,26928,0.000656035,0.000280755,0.12866464,0.040274777,0.002659764,0.82287854,0.000183751,0.000490062,0.003307991,0.000603619,dog,0.040274777,Yes
26975,4,val,deer,26975,0.52474356,0.001030019,0.00994406,0.00038066,0.44262958,0.000780447,0.001774058,0.002970959,0.013285796,0.00246089,airplane,0.44262958,Yes
27144,4,val,deer,27144,0.000356791,0.00011802,0.011508783,0.005141189,0.21388173,0.000185379,0.7680415,0.000162746,0.000355272,0.000248611,frog,0.21388173,Yes
27159,5,val,dog,27159,0.06873258,0.001711991,0.007467724,0.16216397,0.68714565,0.007784913,0.003404226,0.05743964,0.001763767,0.002385523,deer,0.007784913,Yes
27242,7,val,horse,27242,0.000759464,0.000507561,2.31E-05,0.98103654,0.004276039,0.005731472,0.000181105,0.007326328,2.94E-05,0.000128967,cat,0.007326328,Yes
27354,1,val,automobile,27354,0.51623625,0.16279794,0.000944797,0.26529956,0.000843984,0.005857147,0.006455095,0.005451769,0.018592509,0.017520925,airplane,0.16279794,Yes
27383,5,val,dog,27383,0.61207837,0.000731694,0.004896461,0.1071683,0.008304738,0.00262155,0.26181322,0.001348123,0.00040632,0.000631273,airplane,0.00262155,Yes
27505,7,val,horse,27505,5.20E-05,0.000112611,0.00047215,0.9935196,7.24E-05,0.005246816,0.000155641,0.000262736,4.99E-05,5.62E-05,cat,0.000262736,Yes
27697,7,val,horse,27697,0.9065304,0.000257713,0.006784999,0.000209801,0.00046081,0.00017481,0.000936726,0.072614335,0.009044436,0.002986018,airplane,0.072614335,Yes
27841,8,val,ship,27841,0.002203769,0.000920691,0.000136484,0.000368707,0.000171848,8.55E-05,0.000209636,0.000577348,0.013459651,0.9818663,truck,0.013459651,Yes
27887,8,val,ship,27887,0.11635081,0.098229766,0.10504242,0.037789326,0.4584229,0.022500027,0.014128453,0.055066515,0.08015621,0.012313551,deer,0.08015621,Yes
27938,3,val,cat,27938,0.003040321,0.000388968,0.000325704,0.1450141,0.8448456,0.003142113,0.000446598,0.002471355,0.000156091,0.000169149,deer,0.1450141,Yes
27961,0,val,airplane,27961,0.00556085,0.000491294,0.000196447,0.006014642,0.9652938,0.001091169,0.017532593,0.001205588,0.001075573,0.001537997,deer,0.00556085,Yes
28301,2,val,bird,28301,0.07827031,0.002629967,0.011748173,0.60157335,0.02037314,0.03849482,0.001407484,0.24393782,0.000959114,0.000605881,cat,0.011748173,Yes
28311,0,val,airplane,28311,0.03766384,0.000610416,0.84383625,0.001078626,0.001512821,0.10414706,0.001594235,0.002250472,0.003838612,0.003467767,bird,0.03766384,Yes
28357,2,val,bird,28357,0.003434002,0.001568383,0.19628155,0.009308112,0.016748374,0.098305605,0.008127204,0.6601123,0.002586751,0.003527784,horse,0.19628155,Yes
28471,5,val,dog,28471,0.001020981,0.005095267,0.003442607,0.71836257,0.001248725,0.25883847,0.007417213,0.002839319,0.000985188,0.00074963,cat,0.25883847,Yes
28518,2,val,bird,28518,0.001027869,0.001050768,0.48026222,0.005127782,0.002779563,0.49424326,0.004752538,0.007452267,0.002219672,0.001084029,dog,0.48026222,Yes
28677,5,val,dog,28677,0.03430643,0.08445302,0.21066257,0.39930797,0.002714376,0.18404575,0.006026766,0.009206831,0.06721859,0.002057711,cat,0.18404575,Yes
28708,2,val,bird,28708,0.003273209,0.014161028,0.22605477,0.008854791,0.09081063,0.004214151,0.64491063,0.001691788,0.004662606,0.001366405,frog,0.22605477,Yes
28712,3,val,cat,28712,0.2709355,0.003463403,0.22409391,0.030029671,0.024612334,0.013166273,0.17795482,0.02496857,0.016497312,0.21427815,airplane,0.030029671,Yes
28730,5,val,dog,28730,0.006674291,0.013328273,0.030966356,0.03331084,0.12510185,0.10668396,0.5039278,0.04739441,0.053144284,0.07946788,frog,0.10668396,Yes
28825,5,val,dog,28825,0.000320633,0.000119183,0.001105606,0.95975864,8.66E-05,0.036510993,0.001500332,0.00029226,0.000267734,3.81E-05,cat,0.036510993,Yes
28829,8,val,ship,28829,0.9975979,4.81E-05,4.92E-05,7.94E-05,0.000293843,2.58E-05,0.000101535,8.53E-05,0.001616609,0.000102362,airplane,0.001616609,Yes
28942,3,val,cat,28942,0.005489271,0.007485686,0.001989807,0.16260518,0.000729447,0.027184347,0.000369235,0.005174247,0.001924147,0.7870486,truck,0.16260518,Yes
29094,9,val,truck,29094,0.001506707,0.85212994,0.000571143,0.000897768,0.002710379,0.001917518,0.001423038,0.001712341,0.001447407,0.13568373,automobile,0.13568373,Yes
29107,6,val,frog,29107,0.008201988,0.065171674,0.001525784,0.005111869,0.004401606,0.000614686,0.20650335,0.002356776,0.67971677,0.026395561,ship,0.20650335,Yes
29295,0,val,airplane,29295,0.2919084,0.006054929,0.19192277,0.35231063,0.13338356,0.001051037,0.005624118,0.012556512,0.001576338,0.003611724,cat,0.2919084,Yes
29390,5,val,dog,29390,0.000183522,0.000116598,0.000302406,0.8778278,0.000846395,0.12001258,0.000163954,0.000399821,5.22E-05,9.47E-05,cat,0.12001258,Yes
29683,5,val,dog,29683,0.000207047,0.000195061,0.000343512,0.027822612,0.003568956,0.006991049,0.959941,0.000311695,0.000384221,0.000234789,frog,0.006991049,Yes
29795,5,val,dog,29795,0.001076713,0.001582264,0.00174441,0.002061889,0.0011147,0.23995872,0.000848003,0.748842,0.002149849,0.000621517,horse,0.23995872,Yes
29883,5,val,dog,29883,0.000211097,8.34E-05,5.54E-05,0.000217389,0.8638394,0.13445722,0.000134096,0.00083468,9.91E-05,6.83E-05,deer,0.13445722,Yes
29982,3,val,cat,29982,9.52E-05,6.02E-05,2.22E-05,0.018898573,6.52E-05,0.98053163,7.76E-05,0.000143468,6.61E-05,3.98E-05,dog,0.018898573,Yes
30055,3,val,cat,30055,4.16E-05,0.000125811,8.15E-05,0.008874269,0.000102906,0.98989534,4.71E-05,6.43E-05,0.000686033,8.11E-05,dog,0.008874269,Yes
30058,3,val,cat,30058,0.000446909,0.00056136,0.001733763,0.15007502,0.000554263,0.8324747,0.005911952,0.000617363,0.00511937,0.002505214,dog,0.15007502,Yes
30112,5,val,dog,30112,0.000107982,0.000255385,0.000343814,0.99391913,0.000297768,0.003925799,0.000240506,0.000617796,0.000179107,0.000112643,cat,0.003925799,Yes
30400,0,val,airplane,30400,0.018680293,0.000167405,0.00035807,0.000112124,0.000676921,8.59E-05,0.000143699,0.00014408,0.97946143,0.000170124,ship,0.018680293,Yes
30451,2,val,bird,30451,0.000190594,0.000409771,0.18085377,0.7441215,0.00093939,0.0723884,0.000349615,0.00052289,7.61E-05,0.000147981,cat,0.18085377,Yes
30477,5,val,dog,30477,0.000530452,0.003105346,0.8753053,0.08535967,0.001269516,0.027025366,0.001570156,0.003796536,0.001681197,0.000356457,bird,0.027025366,Yes
30507,4,val,deer,30507,0.012452966,0.00286063,0.08933841,0.006168214,0.16842425,0.048592336,0.6557301,0.010741944,0.003227173,0.002463965,frog,0.16842425,Yes
30518,4,val,deer,30518,0.012401363,0.00217079,0.000890438,0.007766087,0.05192298,0.002096651,0.011682812,0.07768875,0.00412465,0.82925564,truck,0.05192298,Yes
30566,9,val,truck,30566,0.00076821,0.85163933,0.000207932,0.000464899,0.000302035,0.000362339,0.000535858,0.000237969,0.000931825,0.14454965,automobile,0.14454965,Yes
30573,3,val,cat,30573,0.001756949,0.001494269,0.003120884,0.009653727,0.00237178,0.088654324,0.8702195,0.018033454,0.00094848,0.003746642,frog,0.009653727,Yes
30632,2,val,bird,30632,0.0007038,5.47E-05,0.000633748,0.000153249,0.000855272,0.000216726,0.000225384,0.99703825,6.37E-05,5.53E-05,horse,0.000633748,Yes
30684,5,val,dog,30684,0.003286798,0.002168729,0.169634,0.002546134,0.001359161,0.06295956,0.001938797,0.7543515,0.000954655,0.000800614,horse,0.06295956,Yes
30708,3,val,cat,30708,0.000737228,0.000139665,0.94581443,0.035957016,0.000292478,0.012956983,0.002919283,0.000683291,0.000205704,0.000293913,bird,0.035957016,Yes
30731,2,val,bird,30731,0.9992398,3.71E-06,0.000677894,3.09E-06,4.45E-06,3.33E-06,2.04E-05,1.86E-05,1.80E-05,1.09E-05,airplane,0.000677894,Yes
30753,3,val,cat,30753,0.000272577,0.000663927,0.002012841,0.012003205,9.20E-05,0.001798137,0.9820978,0.00049943,0.000102973,0.000457146,frog,0.012003205,Yes
30834,2,val,bird,30834,0.003449637,0.000797406,0.19725148,0.6419853,0.001937886,0.00702123,0.14498587,0.001106952,0.000952452,0.000511825,cat,0.19725148,Yes
30894,2,val,bird,30894,0.61851555,0.003516041,0.20176853,0.10871551,0.00155877,0.025372282,0.001424872,0.03237512,0.000814535,0.005938745,airplane,0.20176853,Yes
31017,5,val,dog,31017,0.000319759,0.000159116,0.0002407,0.000244032,0.98592466,0.003646213,0.000293261,0.00887256,0.000187579,0.000112068,deer,0.003646213,Yes
31171,2,val,bird,31171,0.001605817,0.040268477,0.038910273,0.001614285,0.000364477,0.016971312,0.8874,0.003429154,0.002521357,0.006914776,frog,0.038910273,Yes
31182,8,val,ship,31182,0.000841623,0.001175792,0.000719005,0.000319164,0.000553693,0.00033793,0.000268401,0.000924087,0.1418288,0.85303146,truck,0.1418288,Yes
31230,2,val,bird,31230,0.9493048,0.000712718,0.031351343,0.004153946,0.002752993,0.000269429,0.000838637,0.000439821,0.008721011,0.001455258,airplane,0.031351343,Yes
31297,1,val,automobile,31297,0.000358679,0.27641645,0.00024922,5.49E-05,3.00E-05,3.34E-05,0.000195241,7.22E-05,0.000117693,0.72247213,truck,0.27641645,Yes
31336,7,val,horse,31336,0.000678905,0.001133226,0.61911285,0.07979446,0.000505656,0.013747021,0.007709629,0.27643296,0.000256849,0.000628423,bird,0.27643296,Yes
31341,7,val,horse,31341,0.004696659,0.002317033,0.58383405,0.015466673,0.3118163,0.00766566,0.010226281,0.057406794,0.001505756,0.005064702,bird,0.057406794,Yes
31355,5,val,dog,31355,0.006120874,0.002178759,0.30849525,0.24166742,0.16516194,0.12096795,0.022850879,0.0091262,0.119258165,0.004172587,bird,0.12096795,Yes
31362,8,val,ship,31362,0.86465573,0.001224615,0.003077134,0.001142426,0.004103998,0.001081001,0.001099781,0.000767123,0.122157976,0.000690222,airplane,0.122157976,Yes
31434,4,val,deer,31434,0.000907476,0.000449419,0.002131349,0.5724282,0.013318759,0.2979759,0.1092154,0.003025976,0.000226314,0.000321169,cat,0.013318759,Yes
31496,2,val,bird,31496,0.004399263,0.14747742,0.02098111,0.5953963,0.023814956,0.11800113,0.015978394,0.024623342,0.04395628,0.005371831,cat,0.02098111,Yes
31534,1,val,automobile,31534,0.001060333,0.3534578,0.00012366,0.000227174,0.000146817,0.00010682,0.000211855,0.000201497,0.00141535,0.6430487,truck,0.3534578,Yes
31549,4,val,deer,31549,0.000569164,0.000630964,0.001539942,0.009081576,0.08509771,0.001262825,0.8977442,0.002807453,0.000843212,0.000422998,frog,0.08509771,Yes
31634,1,val,automobile,31634,0.001192734,0.03275341,0.000252131,0.000321548,0.000609812,0.000322371,0.000961988,0.000401673,0.001854905,0.96132934,truck,0.03275341,Yes
31638,9,val,truck,31638,0.008798729,0.7395987,0.001785979,0.001562476,0.002503139,0.000452336,0.001829411,0.002028697,0.007364198,0.23407637,automobile,0.23407637,Yes
31923,3,val,cat,31923,3.75E-05,0.000166493,0.000325317,0.002792973,6.53E-05,0.98860115,0.006125516,0.001593914,6.91E-05,0.00022275,dog,0.002792973,Yes
32044,5,val,dog,32044,1.75E-05,1.18E-05,0.000194459,9.55E-05,0.9991321,0.00049318,2.58E-05,1.53E-05,7.42E-06,7.08E-06,deer,0.00049318,Yes
32069,4,val,deer,32069,0.003622061,0.000583554,0.5964316,0.003600936,0.36887145,0.023560874,0.000594694,0.000482561,0.001973314,0.000279018,bird,0.36887145,Yes
32085,3,val,cat,32085,0.000162218,0.000244019,0.016526246,0.002180344,0.001630419,0.96885407,0.004148905,0.00577331,0.000174579,0.000305866,dog,0.002180344,Yes
32129,9,val,truck,32129,0.020265847,0.505784,0.002168344,0.00233381,0.001263123,0.005285026,0.000751066,0.000999418,0.001918097,0.4592313,automobile,0.4592313,Yes
32257,2,val,bird,32257,0.000674938,0.004413915,0.052348927,0.000965341,0.000475718,0.005295706,0.93065244,0.003619826,0.000992094,0.000561081,frog,0.052348927,Yes
32261,3,val,cat,32261,0.000193681,0.001070195,0.07377854,0.4397515,0.004021903,0.000298917,0.46995193,0.001738644,0.008588257,0.000606373,frog,0.4397515,Yes
32466,9,val,truck,32466,0.63362294,0.02626984,0.001952683,0.000718891,0.000740094,0.000332472,0.001230311,0.001922621,0.006571229,0.32663897,airplane,0.32663897,Yes
32490,7,val,horse,32490,0.85530996,0.000338273,0.000365121,0.000226876,0.000408205,0.000263317,0.001017337,0.14142902,0.000241916,0.000399885,airplane,0.14142902,Yes
32539,4,val,deer,32539,0.00129933,0.002500257,0.005392375,0.001806151,0.30148542,0.020599395,0.000784257,0.662675,0.002057601,0.001400079,horse,0.30148542,Yes
32574,8,val,ship,32574,0.007364221,0.00803183,0.82609785,0.002596798,0.001984712,0.004432741,0.001554048,0.019773891,0.007063897,0.12109996,bird,0.007063897,Yes
32659,0,val,airplane,32659,0.00328329,0.003058287,0.60083693,0.35563308,0.000439737,0.035098802,0.000371852,0.000391769,0.000341671,0.000544634,bird,0.00328329,Yes
32707,6,val,frog,32707,0.008709618,0.002441743,0.69559926,0.000824151,0.001204154,0.006167309,0.27456808,0.007273567,0.001321365,0.001890727,bird,0.27456808,Yes
32715,3,val,cat,32715,0.000127957,0.000126243,0.000151001,0.019721525,4.72E-05,0.97947276,0.00016415,7.82E-05,3.85E-05,7.25E-05,dog,0.019721525,Yes
32791,2,val,bird,32791,0.002386095,0.000197451,0.047865793,0.000912895,0.000421006,0.9447384,0.001117625,0.001552573,0.000575469,0.000232622,dog,0.047865793,Yes
33003,0,val,airplane,33003,0.011453768,0.00132702,0.9845881,0.000118934,0.0005348,0.000136262,5.21E-05,0.000412247,0.000541643,0.000835145,bird,0.011453768,Yes
33099,4,val,deer,33099,0.6465151,0.011357075,0.06841788,0.030654555,0.16558324,0.007693769,0.009690367,0.003054733,0.05134044,0.005692811,airplane,0.16558324,Yes
33169,3,val,cat,33169,0.001496349,0.001091891,0.018827548,0.30562067,0.6464895,0.015457965,0.005232574,0.000809366,0.000787579,0.0041866,deer,0.30562067,Yes
33170,2,val,bird,33170,0.9775733,0.000159745,0.003381692,0.01166627,0.005666532,0.000287396,0.000151722,0.000162008,0.000737802,0.000213662,airplane,0.003381692,Yes
33177,3,val,cat,33177,2.46E-05,7.94E-05,3.27E-05,0.1084481,4.39E-05,0.89065874,0.000343296,0.000314563,2.07E-05,3.39E-05,dog,0.1084481,Yes
33312,4,val,deer,33312,0.000510884,0.00016859,0.8525598,0.09977374,0.011619231,0.000804584,0.033776786,0.000154351,0.000386777,0.000245161,bird,0.011619231,Yes
33398,8,val,ship,33398,0.8535109,0.003061368,0.07309384,0.001000171,0.001047258,0.000139055,0.000301998,0.000210126,0.067303516,0.000331801,airplane,0.067303516,Yes
33517,6,val,frog,33517,0.18640272,0.00231212,0.4862334,0.009130485,0.19114365,0.008296709,0.10962634,0.001209583,0.003495927,0.00214916,bird,0.10962634,Yes
33550,2,val,bird,33550,0.06629164,0.002036549,0.025173789,0.004759483,0.011525064,0.000269187,0.000984002,0.000579138,0.8877981,0.000583006,ship,0.025173789,Yes
33854,2,val,bird,33854,0.03451866,0.001343739,0.3632523,0.03774551,0.188986,0.00124998,0.36343804,0.004290379,0.002101647,0.00307369,frog,0.3632523,Yes
33968,7,val,horse,33968,2.75E-05,1.34E-05,8.33E-05,0.000131409,0.99954057,1.10E-05,8.34E-06,0.000160276,1.83E-05,5.89E-06,deer,0.000160276,Yes
34226,7,val,horse,34226,1.03E-05,3.68E-06,1.36E-05,0.99896145,4.94E-06,0.000951015,9.04E-06,4.00E-05,1.59E-06,4.52E-06,cat,4.00E-05,Yes
34330,3,val,cat,34330,0.000378465,0.0390962,0.015706118,0.39087123,0.000338327,0.000696272,0.5495524,0.001391061,0.001318612,0.000651325,frog,0.39087123,Yes
34564,6,val,frog,34564,0.001545149,0.003890118,0.025887767,0.001965483,0.002164823,0.001595458,0.24634841,0.001260989,0.004922288,0.71041954,truck,0.24634841,Yes
34595,1,val,automobile,34595,0.000174929,0.04874652,7.34E-05,0.000104312,8.30E-05,5.81E-05,0.000147846,0.000165264,0.003830388,0.94661623,truck,0.04874652,Yes
34596,1,val,automobile,34596,0.00113656,0.117864,0.000566645,0.003124754,0.000421225,0.001432536,0.004899293,0.000725607,0.002504772,0.86732465,truck,0.117864,Yes
34611,2,val,bird,34611,0.99976975,7.94E-06,0.000120371,1.26E-05,2.31E-05,3.67E-06,1.12E-05,4.82E-06,3.50E-05,1.16E-05,airplane,0.000120371,Yes
34702,5,val,dog,34702,0.000713505,0.000787531,0.000755253,0.8601467,0.0910133,0.009535676,0.03433716,0.000969277,0.000326158,0.001415531,cat,0.009535676,Yes
34769,2,val,bird,34769,0.000456923,0.000603247,0.016396735,0.797506,0.002168585,0.001467534,0.18011941,0.000296265,0.000631919,0.000353457,cat,0.016396735,Yes
34952,3,val,cat,34952,9.69E-05,8.62E-05,0.00066649,0.16213688,0.000767064,0.83384264,0.000111488,0.002146445,5.90E-05,8.68E-05,dog,0.16213688,Yes
35000,5,val,dog,35000,1.51E-05,1.26E-05,5.77E-06,0.9996755,1.76E-06,0.000268428,1.91E-06,7.94E-06,7.95E-07,1.02E-05,cat,0.000268428,Yes
35054,4,val,deer,35054,0.00017508,5.51E-05,0.9835622,0.007984325,0.002174548,0.000318632,0.005202009,7.61E-05,0.000365999,8.60E-05,bird,0.002174548,Yes
35500,3,val,cat,35500,0.36804718,0.001431854,0.019487662,0.11117621,0.001756018,0.033523712,0.00193316,0.40045813,0.005187463,0.0569986,horse,0.11117621,Yes
35735,5,val,dog,35735,0.000517636,0.00049968,0.034681085,0.9477747,0.001506903,0.01307581,0.000233431,0.000644451,0.000362047,0.000704293,cat,0.01307581,Yes
35896,8,val,ship,35896,0.039752234,0.009749339,0.003858676,0.000498212,0.027638081,0.000329124,0.006318093,0.001119801,0.06234219,0.8483943,truck,0.06234219,Yes
35993,5,val,dog,35993,0.009883945,0.053617943,0.008797953,0.073762566,0.012934669,0.13120048,0.6037425,0.08879218,0.01563014,0.001637626,frog,0.13120048,Yes
36073,5,val,dog,36073,0.000346673,2.96E-05,0.98258555,0.000163533,0.000102402,0.016047927,0.000116921,0.000532706,3.51E-05,3.96E-05,bird,0.016047927,Yes
36218,9,val,truck,36218,0.2981852,0.012424547,0.03182226,0.014394441,0.08798444,0.003338162,0.01839872,0.003259918,0.48633474,0.04385762,ship,0.04385762,Yes
36537,1,val,automobile,36537,0.001516743,0.48304185,0.000610665,0.003888573,0.000764757,0.001014808,0.004702433,0.001902908,0.006943302,0.49561387,truck,0.48304185,Yes
36588,3,val,cat,36588,0.098776445,0.001765551,0.48497877,0.16300929,0.022680357,0.1258923,0.09544885,0.002056131,0.001104267,0.004288008,bird,0.16300929,Yes
36738,3,val,cat,36738,0.004120718,0.31808648,0.047140326,0.22920188,0.065774724,0.2513551,0.01111624,0.04019341,0.010972701,0.022038447,automobile,0.22920188,Yes
36749,6,val,frog,36749,0.01126595,0.00488554,0.12547563,0.004420953,0.003259365,0.000578585,0.09664327,0.001033409,0.7409454,0.011491855,ship,0.09664327,Yes
36788,6,val,frog,36788,0.000400587,0.000104064,0.97233284,0.000637727,0.000408088,0.0003737,0.025051368,0.000141313,0.000227539,0.000322716,bird,0.025051368,Yes
36805,7,val,horse,36805,0.000168814,0.000333805,0.00013009,0.000589003,0.005252349,0.5290228,0.000126873,0.4640029,0.00021246,0.000160844,dog,0.4640029,Yes
36921,2,val,bird,36921,0.002407766,0.004322071,0.42939785,0.007041363,0.48349905,0.007343194,0.002768545,0.03218839,0.027932804,0.003098944,deer,0.42939785,Yes
36948,3,val,cat,36948,0.002750757,0.001356227,0.004234983,0.14602563,0.005545087,0.053107377,0.7500676,0.01941046,0.004435725,0.013066255,frog,0.14602563,Yes
37102,0,val,airplane,37102,0.006321983,0.000147104,0.9843752,0.000671389,0.000112048,0.003650028,0.003802426,0.00024467,0.00022391,0.000451312,bird,0.006321983,Yes
37120,3,val,cat,37120,0.058113314,0.001659838,0.5604651,0.2711639,0.005196274,0.06975007,0.006778876,0.018342135,0.006834696,0.001695811,bird,0.2711639,Yes
37297,3,val,cat,37297,0.01862735,0.004928412,0.5387319,0.24995002,0.013147181,0.13439004,0.001765355,0.034985315,0.001457705,0.002016816,bird,0.24995002,Yes
37370,3,val,cat,37370,0.000403759,0.000846555,0.000386599,0.007705273,0.000317116,0.000262177,0.98899275,0.000290934,0.00038132,0.000413472,frog,0.007705273,Yes
37470,5,val,dog,37470,9.41E-05,0.00028819,0.008783915,0.001793536,4.85E-05,0.00717493,0.9809507,0.000572706,8.76E-05,0.000205766,frog,0.00717493,Yes
37613,2,val,bird,37613,0.002264485,0.001037828,0.004600945,0.004595858,0.016270813,0.008597123,0.0485433,0.9089544,0.001074107,0.0040611,horse,0.004600945,Yes
37887,6,val,frog,37887,0.005456066,0.001029797,0.45492485,0.003958763,0.003794214,0.008776538,0.08381216,0.002439159,0.4351084,0.000700028,bird,0.08381216,Yes
38078,1,val,automobile,38078,0.8413927,0.13561228,0.009084645,0.000710894,0.000830453,0.000925212,0.000693147,0.003183993,0.003028696,0.004537887,airplane,0.13561228,Yes
38145,7,val,horse,38145,0.000181371,7.12E-05,0.00010668,0.000166664,0.014478322,0.9838154,6.52E-05,0.000876972,0.000180349,5.80E-05,dog,0.000876972,Yes
38163,7,val,horse,38163,2.39E-05,1.83E-05,8.20E-05,3.88E-05,0.99965656,7.25E-05,1.98E-05,6.60E-05,1.27E-05,9.43E-06,deer,6.60E-05,Yes
38173,4,val,deer,38173,0.011081047,0.001166371,0.001816734,0.000881879,0.003282758,0.001706334,0.94603825,0.00465559,0.028819622,0.000551512,frog,0.003282758,Yes
38316,4,val,deer,38316,0.000869673,0.000459406,0.000366278,0.000562723,0.15735075,0.004047569,0.000327945,0.83537436,0.000433174,0.000207998,horse,0.15735075,Yes
38375,4,val,deer,38375,0.001158119,0.001234094,0.5985096,0.0539125,0.33343226,0.001309444,0.008614388,0.000344624,0.000605567,0.000879445,bird,0.33343226,Yes
38524,8,val,ship,38524,0.89897007,0.026575074,0.001331882,0.000266838,0.000879758,0.000201469,0.024186268,0.000824871,0.014768358,0.031995386,airplane,0.014768358,Yes
38528,7,val,horse,38528,0.009930891,0.010688236,0.13870746,0.040616486,0.35855573,0.07215306,0.022463677,0.34244433,0.001893729,0.002546397,deer,0.34244433,Yes
38629,5,val,dog,38629,0.002816556,0.04033578,0.000478151,0.7236507,0.003064986,0.009166962,0.11751746,0.0935863,0.007743068,0.001639995,cat,0.009166962,Yes
38652,3,val,cat,38652,0.000733217,0.000183554,0.000409121,0.47722256,0.000167014,0.52075785,9.09E-05,0.000212102,9.70E-05,0.000126581,dog,0.47722256,Yes
38829,3,val,cat,38829,0.000526899,0.001251573,0.003357416,0.14518519,0.00054604,0.8400547,0.001998673,0.005994572,0.000495533,0.000589432,dog,0.14518519,Yes
38931,3,val,cat,38931,0.01681026,0.002219997,0.002476928,0.230756,0.7198364,0.009768277,0.004267109,0.003656136,0.001268655,0.008940231,deer,0.230756,Yes
39037,0,val,airplane,39037,0.001220564,0.000415742,0.84536403,0.015425328,0.004160469,0.124504335,0.000640574,0.004041977,0.003870434,0.000356571,bird,0.001220564,Yes
39104,0,val,airplane,39104,0.12811303,0.016414987,0.002377577,0.40417564,0.04218253,0.11146637,0.003775542,0.01873847,0.003553321,0.26920253,cat,0.12811303,Yes
39140,3,val,cat,39140,1.07E-05,1.75E-05,3.43E-05,0.001493077,0.00027922,0.9973997,5.96E-05,0.000673303,1.21E-05,2.04E-05,dog,0.001493077,Yes
39187,3,val,cat,39187,0.001133771,0.001312431,0.15262713,0.028669167,0.14533775,0.66360736,0.004366398,0.001160743,0.001083244,0.000702009,dog,0.028669167,Yes
39233,2,val,bird,39233,0.001179034,0.001021235,0.34414324,0.003997898,0.002889182,0.001808338,0.6435623,0.000574172,0.00035489,0.000469673,frog,0.34414324,Yes
39272,3,val,cat,39272,0.003101302,0.000779974,0.8733504,0.014147715,0.00440137,0.001327397,0.08910182,0.005487679,0.002490366,0.005812042,bird,0.014147715,Yes
39335,8,val,ship,39335,0.004365528,0.9744786,0.000259492,0.000305259,0.000472708,0.000283394,0.000504199,0.000580598,0.017690482,0.001059619,automobile,0.017690482,Yes
39401,6,val,frog,39401,0.82595307,0.001695201,0.00299747,0.007539992,0.15292393,0.001315648,0.001423007,0.002634144,0.003036962,0.000480512,airplane,0.001423007,Yes
39435,0,val,airplane,39435,0.45252532,0.000547643,0.5397701,0.000550034,0.001490892,0.001079786,0.000441003,0.000539748,0.002861438,0.000193986,bird,0.45252532,Yes
39439,4,val,deer,39439,0.7242263,0.000455147,0.001611656,0.23594874,0.006954359,0.022858363,0.00024666,0.002757478,0.000959217,0.003982141,airplane,0.006954359,Yes
39544,6,val,frog,39544,3.77E-05,0.000112126,0.000395822,0.001819984,7.11E-05,0.9952656,0.00178978,0.000317026,7.39E-05,0.000116852,dog,0.00178978,Yes
39591,5,val,dog,39591,0.000276728,0.000337572,0.003521815,0.009337804,0.006314693,0.004457403,0.968549,0.000226463,0.005771219,0.001207336,frog,0.004457403,Yes
39684,8,val,ship,39684,0.72865325,0.052416157,0.003815709,0.001262197,0.014702879,0.001373951,0.013835575,0.004112715,0.17065111,0.009176415,airplane,0.17065111,Yes
39777,3,val,cat,39777,0.00030226,0.000194248,0.046820417,0.42637205,0.000780482,0.003600821,0.52105856,0.000306436,0.000161151,0.000403553,frog,0.42637205,Yes
39797,7,val,horse,39797,0.000583484,0.000894218,0.000719614,0.001712846,0.33527228,0.62219584,0.010153392,0.027579928,0.000654636,0.000233781,dog,0.027579928,Yes
39799,7,val,horse,39799,0.028673839,0.003864143,0.002423524,0.029714275,0.055188976,0.502549,0.015023934,0.21655531,0.13749363,0.008513353,dog,0.21655531,Yes
39824,1,val,automobile,39824,0.005172689,0.27403602,0.001533656,0.003048898,0.001721201,0.00266639,0.53711855,0.00570279,0.009890436,0.15910946,frog,0.27403602,Yes
39989,3,val,cat,39989,0.00039567,0.00025242,0.8748574,0.042355407,0.00138401,0.002234345,0.000474827,0.000769622,0.010364691,0.066911556,bird,0.042355407,Yes
40232,3,val,cat,40232,0.00023492,0.000371041,4.64E-05,0.24858232,0.001368496,0.7357903,0.000308153,0.012208683,8.89E-05,0.001000757,dog,0.24858232,Yes
40304,3,val,cat,40304,0.001830051,0.003700089,0.000425723,0.30629638,0.000923009,0.6841537,0.001399665,0.000205245,0.000143604,0.000922618,dog,0.30629638,Yes
40380,5,val,dog,40380,0.000128236,0.000379747,0.000780204,0.000198505,0.004347654,0.0442065,0.00127678,0.9481905,0.000205059,0.00028692,horse,0.0442065,Yes
40515,2,val,bird,40515,0.9916155,3.51E-05,0.00610646,0.000250681,7.01E-05,2.03E-05,3.27E-05,1.94E-05,0.001779054,7.07E-05,airplane,0.00610646,Yes
40608,5,val,dog,40608,3.00E-05,3.89E-05,7.84E-06,0.98508644,4.19E-05,0.014672824,8.72E-05,1.28E-05,6.31E-06,1.57E-05,cat,0.014672824,Yes
40611,3,val,cat,40611,0.000607009,0.003342869,0.003454464,0.02512766,0.003012775,0.93990445,0.000851133,0.021627596,0.001085838,0.000986152,dog,0.02512766,Yes
40622,9,val,truck,40622,0.08031321,0.001290884,0.023010066,0.001072886,0.001767314,0.001479309,0.000803151,0.001156386,0.85524225,0.03386446,ship,0.03386446,Yes
40631,4,val,deer,40631,0.3984305,0.03783889,0.07563722,0.043021597,0.349812,0.023882665,0.024302596,0.002897152,0.041267857,0.002909619,airplane,0.349812,Yes
40643,3,val,cat,40643,0.000544771,0.006834962,0.001179836,0.006706512,0.003867549,0.6855435,0.020986047,0.2729727,0.001132689,0.000231384,dog,0.006706512,Yes
40938,5,val,dog,40938,0.001254856,0.2879471,0.000316727,0.64072174,0.003740857,0.03392179,0.00638851,0.019812055,0.00330995,0.002586398,cat,0.03392179,Yes
40986,7,val,horse,40986,0.001452381,0.003850314,0.004296884,0.1347939,0.24368118,0.4850375,0.000969382,0.1122408,0.008224903,0.005452747,dog,0.1122408,Yes
41027,3,val,cat,41027,0.8911881,0.000529997,0.000838068,0.012474887,0.061090436,0.022579387,0.001609315,0.006456465,0.001582239,0.001651196,airplane,0.012474887,Yes
41343,3,val,cat,41343,0.000108223,0.000155597,0.003441545,0.12519221,0.000367471,0.00700431,0.8633404,7.18E-05,0.00022477,9.36E-05,frog,0.12519221,Yes
41435,0,val,airplane,41435,0.47745013,0.001825339,0.00068534,0.001726481,0.001455587,0.000953755,0.000822806,0.000863305,0.036548607,0.47766873,truck,0.47745013,Yes
41528,6,val,frog,41528,6.77E-05,0.000128911,0.01624498,0.007802743,5.15E-05,0.78708285,0.18746506,0.001006186,8.01E-05,6.99E-05,dog,0.18746506,Yes
41623,4,val,deer,41623,0.018741794,0.013675496,0.0739,0.18976226,0.04106051,0.02149934,0.014308327,0.6200207,0.005081905,0.001949713,horse,0.04106051,Yes
41681,2,val,bird,41681,0.000237125,0.000651929,0.002024569,0.003032757,0.000470038,0.026067995,0.96495724,0.002229052,0.000193627,0.000135585,frog,0.002024569,Yes
41818,0,val,airplane,41818,0.01409443,0.008872911,0.000124404,8.82E-05,0.000103078,0.000142455,0.000143395,7.84E-05,0.97620153,0.000151327,ship,0.01409443,Yes
41853,3,val,cat,41853,0.000235767,0.000265417,0.002236081,0.13096578,0.000806664,0.86335635,0.000808698,0.000935305,0.000196573,0.000193374,dog,0.13096578,Yes
42155,2,val,bird,42155,0.008106547,0.000300466,0.020258965,0.001386163,0.03408761,0.92825806,0.000149107,0.005431968,0.001730943,0.000290092,dog,0.020258965,Yes
42175,0,val,airplane,42175,0.3049647,0.00131516,0.3174122,0.00112115,0.005087518,0.000686169,0.000778526,0.002783686,0.36535043,0.00050054,ship,0.3049647,Yes
42229,4,val,deer,42229,0.000586127,0.000223512,0.005232918,0.014453937,0.036439873,0.000638709,0.94114226,0.000136885,0.000849637,0.000296186,frog,0.036439873,Yes
42357,3,val,cat,42357,0.000440755,0.005868931,0.00604254,0.40579325,0.000619819,0.5672464,0.009744634,0.00312055,0.00059193,0.000531189,dog,0.40579325,Yes
42393,5,val,dog,42393,0.003187849,0.002477851,0.024735078,0.5291706,0.008488285,0.4171068,0.006969394,0.004248104,0.001524766,0.002091236,cat,0.4171068,Yes
42563,0,val,airplane,42563,0.31240174,0.00018194,0.025792101,0.6594201,0.000215973,0.001264439,8.77E-05,0.000226901,0.000155181,0.000253948,cat,0.31240174,Yes
42736,3,val,cat,42736,0.001106598,0.018175002,0.91487324,0.010784699,0.012836965,0.001709034,0.00931292,0.000740501,0.001270735,0.029190311,bird,0.010784699,Yes
42751,7,val,horse,42751,0.54581296,0.000385329,0.000753823,0.001320155,0.000739881,0.0018728,0.007623666,0.43109718,0.001682386,0.008711782,airplane,0.43109718,Yes
42952,0,val,airplane,42952,0.025560701,0.000148251,5.08E-05,4.14E-05,0.000131491,5.60E-05,5.71E-05,4.35E-05,0.97381186,9.89E-05,ship,0.025560701,Yes
43087,5,val,dog,43087,0.003216888,0.001859281,0.003840177,0.8111757,0.064006634,0.010010427,0.019085513,0.07751627,0.008521324,0.000767815,cat,0.010010427,Yes
43140,5,val,dog,43140,0.000154537,0.000314486,0.001478882,0.99240476,0.000954327,0.004019858,6.27E-05,0.000542935,1.92E-05,4.84E-05,cat,0.004019858,Yes
43209,5,val,dog,43209,0.000589183,0.000736904,0.000443131,0.00064833,0.079166405,0.001993759,0.000404336,0.91532636,0.000438369,0.00025318,horse,0.001993759,Yes
43262,3,val,cat,43262,0.000359943,0.000197611,0.005950713,0.4669677,0.51516104,0.007466379,0.000659927,0.002902902,0.000138027,0.000195726,deer,0.4669677,Yes
43283,3,val,cat,43283,0.000210168,0.000213481,0.00050983,0.008735955,0.000575738,0.000931903,0.987818,0.000112593,0.000368467,0.000523799,frog,0.008735955,Yes
43385,3,val,cat,43385,0.000153502,0.000129573,0.8414109,0.15359521,0.000173566,6.87E-05,0.000163156,0.004075702,0.000167488,6.22E-05,bird,0.15359521,Yes
43607,2,val,bird,43607,0.02372219,0.006440031,0.19901982,0.026779996,0.38985536,0.004930306,0.3368829,0.001250282,0.003776711,0.007342468,deer,0.19901982,Yes
43682,4,val,deer,43682,0.001345069,9.19E-05,0.9864833,0.000376376,0.00368473,0.000155477,0.000136534,0.007262663,0.00040193,6.20E-05,bird,0.00368473,Yes
43731,0,val,airplane,43731,0.000327431,0.98750764,0.000163244,3.31E-05,5.54E-05,2.67E-05,4.19E-05,4.00E-05,0.01169712,0.000107472,automobile,0.000327431,Yes
43836,3,val,cat,43836,0.001682079,0.000707588,0.000574768,0.39406195,0.5421099,0.030920705,0.00599966,0.022328438,0.000982538,0.000632379,deer,0.39406195,Yes
43968,3,val,cat,43968,0.015881188,0.006846355,0.32189766,0.17040563,0.060227405,0.06489451,0.001343144,0.027635505,0.006897139,0.32397148,truck,0.17040563,Yes
44029,3,val,cat,44029,0.001695094,0.000619922,0.5515345,0.12896992,0.002489487,0.003173441,0.003546193,0.000507071,0.30682978,0.00063456,bird,0.12896992,Yes
44031,0,val,airplane,44031,0.4355465,0.002026365,0.000664983,0.000465223,0.000443045,0.000893977,0.000645646,0.013068721,0.004687172,0.5415584,truck,0.4355465,Yes
44085,5,val,dog,44085,0.007610724,0.033469494,0.004932114,0.33309636,0.18457772,0.28383255,0.003568439,0.13983476,0.002380425,0.006697436,cat,0.28383255,Yes
44263,3,val,cat,44263,0.000425922,0.000194158,0.022449503,0.0895837,0.000238299,0.8844411,0.001861321,0.000182414,0.00037781,0.000245698,dog,0.0895837,Yes
44379,6,val,frog,44379,0.000825697,0.000900119,0.007974055,0.038430527,0.006121458,0.54698855,0.3941708,0.001230763,0.002162711,0.001195267,dog,0.3941708,Yes
44480,2,val,bird,44480,0.001943988,0.001720936,0.002492244,0.03996627,0.48865047,0.019948125,0.19941097,0.23573771,0.002572269,0.007557003,deer,0.002492244,Yes
44505,7,val,horse,44505,0.05446235,0.001017396,0.002576784,0.5133944,0.000634228,0.004130011,0.38944995,0.031017255,0.00127801,0.002039567,cat,0.031017255,Yes
44532,5,val,dog,44532,0.011440751,0.000407884,0.5111244,0.007403239,0.001172919,0.4611203,0.00055373,0.004843217,0.0013807,0.000552814,bird,0.4611203,Yes
44572,4,val,deer,44572,0.001819497,0.001869283,0.13199873,0.03647982,0.13282354,0.007472874,0.67102593,0.006060537,0.005144718,0.005305129,frog,0.13282354,Yes
44586,4,val,deer,44586,0.001196815,5.27E-05,0.9698359,0.001375804,0.023832938,0.00315018,0.000307981,4.30E-05,0.000122242,8.26E-05,bird,0.023832938,Yes
44624,0,val,airplane,44624,0.001474814,3.11E-05,0.990054,0.000346027,0.000199769,3.66E-05,0.007447365,7.56E-05,0.000228482,0.000106336,bird,0.001474814,Yes
44700,5,val,dog,44700,0.000345395,0.000524215,0.006811027,0.004476898,0.001842794,0.2727337,0.7090106,0.001041382,0.001428095,0.001785898,frog,0.2727337,Yes
44913,3,val,cat,44913,0.000177042,0.000432299,0.000634012,0.3404013,7.88E-05,0.6555374,0.002427688,7.45E-05,7.23E-05,0.00016464,dog,0.3404013,Yes
44929,5,val,dog,44929,0.000328001,0.000178745,0.000440802,0.9281826,0.002970817,0.05263007,0.000177957,0.013591816,0.000144609,0.001354598,cat,0.05263007,Yes
44938,2,val,bird,44938,0.000119805,0.000170754,0.014633149,0.000588338,0.000711126,0.9814026,0.001879032,0.00015437,0.000174946,0.000165986,dog,0.014633149,Yes
45057,3,val,cat,45057,0.000319226,0.004396789,0.000723592,0.15029725,0.000972078,0.8382932,0.000350025,0.001342366,0.000265592,0.003039882,dog,0.15029725,Yes
45064,0,val,airplane,45064,0.41570088,0.000324898,0.000214622,0.001602261,0.567581,0.000571579,0.004830665,0.001701812,0.006783567,0.000688677,deer,0.41570088,Yes
45230,7,val,horse,45230,0.65744996,0.002885971,0.016694771,0.28542233,0.006984136,0.014407004,0.003512136,0.002594365,0.001009162,0.009040179,airplane,0.002594365,Yes
45233,0,val,airplane,45233,0.004984152,0.8901292,0.001051013,0.085293,0.000429212,0.004274663,0.003923342,0.001457513,0.007372442,0.001085388,automobile,0.004984152,Yes
45239,4,val,deer,45239,0.011619133,0.000471064,0.117995426,0.45928484,0.4017659,0.001779916,0.003263035,0.001299989,0.002175011,0.000345574,cat,0.4017659,Yes
45254,6,val,frog,45254,0.000662316,0.000283869,0.000315186,0.000265614,0.000211315,5.29E-05,0.02445374,0.000271476,0.97292554,0.000557906,ship,0.02445374,Yes
45395,3,val,cat,45395,0.000349551,0.00013364,0.008215481,0.013611567,0.00071505,0.9756225,0.000301104,0.000675443,0.00017267,0.000202884,dog,0.013611567,Yes
45438,0,val,airplane,45438,0.32925552,0.033553705,0.002214654,0.00071666,0.005049357,0.002035344,0.001990706,0.002463134,0.6201325,0.00258846,ship,0.32925552,Yes
45442,8,val,ship,45442,0.9175244,0.000353192,0.000172935,9.46E-05,0.000244818,6.14E-05,0.000126728,0.000112469,0.0794625,0.001846967,airplane,0.0794625,Yes
45456,3,val,cat,45456,0.56606245,0.00118684,0.084899075,0.30821818,0.011532797,0.008341482,0.000916636,0.008896881,0.008831982,0.001113731,airplane,0.30821818,Yes
45466,1,val,automobile,45466,0.000548575,0.3945316,0.000188289,0.000200579,0.000351159,0.00017974,0.00116705,0.000254216,0.003669786,0.598909,truck,0.3945316,Yes
45557,5,val,dog,45557,0.000175726,0.00018367,0.000295834,0.000640671,0.001754822,0.083803184,0.9123013,0.000287699,0.000144396,0.000412656,frog,0.083803184,Yes
45667,3,val,cat,45667,0.000195109,0.000228901,0.006881462,0.015177612,0.9647951,0.008434826,0.001627344,0.002216132,0.000252366,0.000191069,deer,0.015177612,Yes
45795,2,val,bird,45795,0.43470958,0.004546017,0.07589436,0.000916273,0.43933532,0.004530827,0.005790908,0.029212693,0.004022469,0.001041614,deer,0.07589436,Yes
45891,5,val,dog,45891,0.93373436,0.002108099,0.008783174,0.014605498,0.000471211,0.03529628,0.001669374,0.002385702,0.000394379,0.000551925,airplane,0.03529628,Yes
45911,4,val,deer,45911,0.001350513,0.000454428,0.000675773,0.001336424,0.01604999,0.9761237,0.000185823,0.002947429,0.000538581,0.000337253,dog,0.01604999,Yes
45949,3,val,cat,45949,0.002029047,0.003501646,0.000131792,0.078365535,0.000314964,0.90994537,0.000247925,0.000217915,0.000241349,0.005004515,dog,0.078365535,Yes
45971,6,val,frog,45971,3.93E-05,7.10E-05,0.005191452,0.93319774,0.000290996,0.00014232,0.060764946,0.00010706,0.000110368,8.49E-05,cat,0.060764946,Yes
45991,5,val,dog,45991,0.000655217,0.000353511,0.014945556,0.7557653,0.009269558,0.21357068,0.000517645,0.004510833,0.000205088,0.000206534,cat,0.21357068,Yes
46083,5,val,dog,46083,0.002287706,0.001361063,0.000806237,0.68765527,0.000649923,0.2939053,0.00016552,0.01232091,0.000126116,0.000721946,cat,0.2939053,Yes
46106,2,val,bird,46106,0.021315351,0.003437403,0.2701149,0.003230709,0.44515553,0.002684684,0.24040404,0.001232306,0.009103633,0.003321395,deer,0.2701149,Yes
46114,2,val,bird,46114,0.9990638,1.81E-05,0.000713969,2.30E-05,2.81E-05,1.80E-05,2.61E-05,4.40E-05,4.98E-05,1.51E-05,airplane,0.000713969,Yes
46130,5,val,dog,46130,0.000250886,0.000184219,0.000882377,0.85723424,0.000180775,0.1373719,0.003168359,0.000419829,9.97E-05,0.000207706,cat,0.1373719,Yes
46259,1,val,automobile,46259,0.000877598,0.06726575,9.16E-05,6.96E-05,6.86E-05,5.37E-05,0.000136373,0.000120216,0.000262098,0.93105435,truck,0.06726575,Yes
46308,3,val,cat,46308,0.07222066,0.001745243,0.040546786,0.001396965,0.00907461,0.003041365,0.000380257,0.86839336,0.002776251,0.000424393,horse,0.001396965,Yes
46465,7,val,horse,46465,0.4119672,0.002100205,0.012336316,0.2875638,0.006121258,0.08010932,0.013357772,0.18062794,0.001906553,0.003909618,airplane,0.18062794,Yes
46521,4,val,deer,46521,0.000425154,4.27E-05,0.9973334,0.000225117,0.00056196,0.001060511,0.000102063,3.65E-05,0.000149703,6.29E-05,bird,0.00056196,Yes
46534,5,val,dog,46534,0.000172051,0.00019572,9.73E-05,0.98627836,0.000673288,0.005078432,0.006269187,0.000990345,0.000106694,0.000138702,cat,0.005078432,Yes
46561,3,val,cat,46561,0.000123491,0.000128751,0.000376668,0.23268506,0.007060685,0.7589826,0.000356972,8.15E-05,9.99E-05,0.000104389,dog,0.23268506,Yes
46568,3,val,cat,46568,0.00133542,0.001559702,0.003482195,0.37196794,0.4961767,0.104872994,0.016828764,0.002043906,0.000620164,0.001112244,deer,0.37196794,Yes
46594,3,val,cat,46594,0.028027978,0.001207187,0.010609874,0.18705875,0.003979141,0.7562297,0.006249068,0.003190968,0.000447861,0.002999454,dog,0.18705875,Yes
46673,2,val,bird,46673,0.9968315,0.000116282,0.002471591,0.000144208,0.000115319,4.94E-05,5.20E-05,5.42E-05,0.000101707,6.40E-05,airplane,0.002471591,Yes
46697,3,val,cat,46697,1.33E-05,7.84E-06,2.54E-05,0.00011643,1.12E-05,0.9997743,1.63E-05,1.74E-05,8.45E-06,9.33E-06,dog,0.00011643,Yes
46791,6,val,frog,46791,0.001762524,0.000357603,0.7982517,0.000912593,0.001916539,0.000293631,0.19536586,0.000268694,0.000436254,0.000434656,bird,0.19536586,Yes
46899,5,val,dog,46899,0.000207211,0.000239429,0.000639232,0.49952742,0.000251057,0.49697265,0.001669909,0.000278853,7.69E-05,0.000137382,cat,0.49697265,Yes
46901,5,val,dog,46901,0.000560572,0.000239758,0.5818048,0.03097771,0.011254181,0.3743311,0.000313909,0.000131156,0.000132329,0.00025446,bird,0.3743311,Yes
46942,7,val,horse,46942,1.05E-05,8.68E-06,1.26E-05,9.77E-06,0.9994023,2.22E-05,2.32E-05,0.000500323,5.33E-06,5.16E-06,deer,0.000500323,Yes
47063,8,val,ship,47063,0.000154226,0.99691653,0.000125454,3.35E-05,3.94E-05,5.49E-05,4.52E-05,6.18E-05,0.002544551,2.44E-05,automobile,0.002544551,Yes
47083,9,val,truck,47083,0.9835232,3.63E-05,4.86E-05,1.93E-05,2.25E-05,3.36E-05,1.88E-05,6.04E-05,0.011853737,0.004383522,airplane,0.004383522,Yes
47085,9,val,truck,47085,0.9540537,0.000170308,5.72E-05,6.71E-05,4.66E-05,6.64E-05,0.000114636,0.000147622,0.000289754,0.044986583,airplane,0.044986583,Yes
47156,9,val,truck,47156,0.000701162,0.96290356,9.12E-05,0.000666922,0.000215091,0.000247661,0.002746758,0.00113293,0.001031999,0.03026272,automobile,0.03026272,Yes
47261,5,val,dog,47261,0.005534067,0.003945227,0.002444423,0.7733582,0.000784007,0.16830602,0.000807725,0.001767363,0.000874543,0.042178363,cat,0.16830602,Yes
47413,3,val,cat,47413,0.000601517,0.000131268,0.001104105,0.002346984,0.000104153,0.001484479,0.99401087,4.04E-05,8.63E-05,8.98E-05,frog,0.002346984,Yes
47478,3,val,cat,47478,0.9962674,5.64E-05,0.000959017,0.001817688,0.000407708,0.000113862,3.01E-05,0.000193055,8.93E-05,6.55E-05,airplane,0.001817688,Yes
47716,4,val,deer,47716,0.000179118,0.00022409,0.000291855,0.000377454,0.022251094,0.000582317,0.000191315,0.97539514,0.000297118,0.000210532,horse,0.022251094,Yes
47778,5,val,dog,47778,0.000673614,0.000155952,0.001108004,0.94111204,0.00037184,0.05424741,9.00E-05,0.002017669,0.000123405,0.000100001,cat,0.05424741,Yes
47833,6,val,frog,47833,0.10957066,0.000691312,0.105055414,0.09575938,0.35121852,0.000667464,0.33515728,0.000519904,0.000943583,0.000416479,deer,0.33515728,Yes
47863,1,val,automobile,47863,0.000884669,0.08416572,0.002267224,0.000433366,0.000646653,0.00101286,0.002940945,0.001848426,0.001481424,0.90431875,truck,0.08416572,Yes
47880,7,val,horse,47880,0.011520131,0.000901184,0.06411893,0.015982928,0.8868935,0.010043102,0.001139915,0.007645821,0.000640484,0.001113969,deer,0.007645821,Yes
47910,2,val,bird,47910,0.005067882,0.001635652,0.18591696,0.015129962,0.023643056,0.08306172,0.6591211,0.024216939,0.001285418,0.000921351,frog,0.18591696,Yes
47975,4,val,deer,47975,0.00015124,0.000177934,0.000412045,0.01955532,0.023559649,0.001608787,0.95395315,0.00015155,0.000179479,0.00025096,frog,0.023559649,Yes
47980,1,val,automobile,47980,0.048639882,0.2592695,0.5149782,0.039397076,0.002422961,0.0658288,0.012128104,0.005868404,0.04577146,0.005695607,bird,0.2592695,Yes
47998,3,val,cat,47998,0.04313357,0.000916367,0.000988638,0.037119035,0.002233076,0.009995318,0.003438782,0.000540903,0.9002755,0.001358828,ship,0.037119035,Yes
48018,4,val,deer,48018,0.98352045,0.000129709,6.19E-05,6.63E-05,0.015589605,0.000124422,9.39E-05,0.00014414,0.000216234,5.34E-05,airplane,0.015589605,Yes
48116,9,val,truck,48116,0.003953195,0.002273081,0.000238471,0.000242347,0.000474202,0.000210233,0.001376388,0.000248931,0.98299026,0.007992725,ship,0.007992725,Yes
48254,0,val,airplane,48254,0.07437106,0.00830307,0.013425316,0.001212024,0.001198351,0.001016541,0.001171126,0.000471996,0.89808464,0.000745902,ship,0.07437106,Yes
48261,8,val,ship,48261,0.005006273,0.006446542,0.77832067,0.003321115,0.006932242,0.016541924,0.004075346,0.008487224,0.16713548,0.003733218,bird,0.16713548,Yes
48298,6,val,frog,48298,0.0713634,0.000350684,0.91943896,0.001958157,0.00351379,0.000587603,0.001885167,0.000272637,0.000400967,0.000228634,bird,0.001885167,Yes
48531,2,val,bird,48531,0.000210438,0.001590489,0.004392292,0.000987132,0.000186876,0.72714025,0.26448348,0.000448971,0.000194613,0.000365433,dog,0.004392292,Yes
48629,3,val,cat,48629,0.000227248,7.91E-05,0.000196553,0.007573183,0.001206422,0.9900011,0.000156042,0.000348671,6.35E-05,0.000148228,dog,0.007573183,Yes
48786,5,val,dog,48786,0.000248675,0.001076467,0.001031794,0.004896919,0.00212905,0.019782837,0.000127616,0.97015196,0.000250088,0.000304617,horse,0.019782837,Yes
49141,7,val,horse,49141,0.000671506,0.000556525,0.00030367,0.001777266,0.6725873,0.004435295,0.000432884,0.3187557,0.000185261,0.000294694,deer,0.3187557,Yes
49310,7,val,horse,49310,0.002177475,0.15312879,0.13715139,0.005071304,0.583447,0.010574355,0.003535254,0.084923,0.003147774,0.016843725,deer,0.084923,Yes
49419,2,val,bird,49419,0.001463581,0.000254899,0.000711474,0.9900115,4.25E-05,0.001772208,0.00311628,0.002290475,0.000218809,0.000118287,cat,0.000711474,Yes
49521,8,val,ship,49521,0.002469345,0.8703087,0.003873938,0.008360981,0.000915789,0.000431833,0.002843469,0.000653496,0.10841287,0.001729658,automobile,0.10841287,Yes
49647,5,val,dog,49647,0.000150735,6.95E-05,0.000116643,0.000980945,0.7421242,0.25595227,0.000106274,0.000408553,4.46E-05,4.63E-05,deer,0.25595227,Yes
49665,5,val,dog,49665,0.002040017,0.001759242,0.000671984,0.37610242,0.459593,0.09596396,0.001898443,0.06064279,0.000821477,0.00050666,deer,0.09596396,Yes
49668,3,val,cat,49668,5.81E-05,4.20E-05,0.000100498,0.031555638,0.000116276,0.96745247,0.000104627,0.000175636,6.57E-05,0.000329199,dog,0.031555638,Yes
49802,2,val,bird,49802,0.001922596,0.001106301,0.24486643,0.005255434,0.54389805,0.000757835,0.20019054,0.000402086,0.000748436,0.000852269,deer,0.24486643,Yes
49982,3,val,cat,49982,0.01079934,7.58E-05,3.18E-05,0.018350955,0.000421827,0.9668375,0.000383742,0.0015683,0.000224481,0.001306281,dog,0.018350955,Yes
49996,6,val,frog,49996,0.000121738,6.56E-05,0.000249025,0.9991605,0.000111044,5.30E-05,0.000184494,1.61E-05,1.96E-05,1.88E-05,cat,0.000184494,Yes